1,"c(""anime rock"", ""j-pop"", ""j-rock"")",4QvgGvpgzgyUOo8Yp8LDm9,Mrs. GREEN APPLE,74,2786046,j-pop
2,"c(""j-pop"", ""japanese teen pop"")",64tJ2EAv1R6UaZqc4iOCyj,YOASOBI,76,5993524,j-pop
3,"c(""j-pop"", ""japanese soul"")",2IUl3m1H1EQ7QfNbNWvgru,Vaundy,70,1745129,j-pop
4,"c(""j-pop"", ""j-rock"")",6rs1KAoQnFalSqSU4LTh8g,back number,69,3961509,j-pop
5,"c(""anime"", ""anime rock"", ""j-pop"")",5Vo1hnCRmCM6M4thZCInCj,OFFICIAL HIGE DANDISM,70,5807377,j-pop
6,"c(""anime"", ""j-pop"")",1snhtMLeb2DYoMOcVbb8iB,Kenshi Yonezu,72,5133791,j-pop
7,"c(""j-pop"", ""japanese singer-songwriter"", ""japanese [...]",0ixzjrK1wkN2zWBXt3VW3W,Yuuri,68,1958574,j-pop
8,"c(""j-acoustic"", ""j-pop"")",5kVZa4lFUmAQlBogl1fkd6,Aimyon,67,4739305,j-pop
9,"c(""classic j-pop"", ""j-pop"", ""j-rock"")",5kjGRHClVacSyllOUqU1S0,SPITZ,66,1962193,j-pop
10,"c(""j-pop"", ""japanese teen pop"")",6mEQK9m2krja6X1cfsAjfl,Ado,70,2813796,j-pop
11,"c(""j-pop"", ""j-rock"", ""japanese emo"", ""visual kei"")",1EowJ1WwkMzkCkRomFhui7,RADWIMPS,70,3511206,j-pop
12,j-pop,4UK2Lzi6fBfUi9rpDt6cik,ヨルシカ,67,2150534,j-pop
13,"c(""anime"", ""j-pop"", ""japanese alternative rock"", "" [...]",1t17z3vfuc82cxSDMrvryJ,Macaroni Empitsu,64,1059175,j-pop
14,"c(""j-pop"", ""japanese singer-songwriter"", ""japanese [...]",7JthQ6zwNzfxRfIEjp6wUs,HIRAIDAI,63,1430893,j-pop
15,japanese teen pop,6bDWAcdtVR3WHz2xtiIPUi,Fujii Kaze,72,2424860,j-pop
16,"c(""classic j-pop"", ""j-pop"")",79nkC8XZ5ohEVU0Xlf5Ael,サザンオールスターズ,63,1394023,j-pop
17,"c(""j-indie"", ""j-pop"", ""japanese alternative rock"")",4WqXqPmUuenMIr4QaFrZXN,Saucy Dog,63,910696,j-pop
18,"c(""j-pop"", ""j-rock"")",6wxfx1yhyqjCPYwwxJktR2,King Gnu,65,2832094,j-pop
19,"c(""j-pop"", ""j-rock"", ""japanese emo"")",7k73EtZwoPs516ZxE72KsO,ONE OK ROCK,68,5048378,j-pop
20,"c(""classic j-pop"", ""j-pop"", ""j-rock"")",1qma7XhwZotCAucL7NHVLY,Mr.Children,61,3075345,j-pop
21,"c(""j-pop"", ""japanese teen pop"")",0B1ce3uNrzkdm76NXI4mhX,Tani Yuuki,61,420393,j-pop
22,"c(""j-pop"", ""j-rock"")",6POfB0fHdzXFLWL3RHxLv8,Creep Hyp,61,730901,j-pop
23,j-pop,7i9bNUSGORP5MIgrii3cJc,B'z,61,624924,j-pop
24,"c(""anime"", ""j-pop"")",7HwzlRPa9Ad0I8rK0FPzzK,SEKAI NO OWARI,62,2170667,j-pop
25,j-pop,1XYuC1vxinTjHCNd5clB8C,ARASHI,61,2190581,j-pop
26,"c(""anime"", ""classic j-pop"", ""j-pop"", ""japanese sin [...]",7lbSsjYACZHn1MSDXPxNF2,Hikaru Utada,63,3069140,j-pop
27,"c(""anime"", ""anime rock"", ""j-pixie"", ""j-pop"", ""j-po [...]",0bAsR2unSRpn6BQPEnNlZm,Aimer,66,2293952,j-pop
28,j-pop,45ft4DyTCEJfQwTBHXpdhM,milet,64,618692,j-pop
29,"c(""classic j-pop"", ""j-pop"")",2mJOGcLR3aCHkM1uAF93or,DREAMS COME TRUE,59,1429667,j-pop
30,"c(""j-idol"", ""j-pop"", ""j-pop girl group"")",08lN7bm4Etec8ETFxaTUmq,Nogizaka46,60,1199372,j-pop
31,"c(""j-pop"", ""japanese teen pop"")",1qM11R4ylJyQiPJ0DffE9z,Lilas Ikuta,61,480674,j-pop
32,j-pop boy group,4wCW8kZ8LL7QIdcE8EOKPP,BE:FIRST,60,239933,j-pop
33,j-pop,2ZjWbNQAjL74Pf4aqikIz2,Shota Shimizu,59,1438594,j-pop
34,japanese teen pop,4TaSvnT5o4REFwhqfrmK27,imase,67,351983,j-pop
35,"c(""anime rock"", ""j-pop"", ""j-rock"")",3NTbOmzlj2cL86XFuDVFvZ,MAN WITH A MISSION,64,1005766,j-pop
36,j-pop,38WbKH6oKAZskBhqDFA8Uj,ZUTOMAYO,62,1555531,j-pop
37,"c(""j-pop"", ""j-rock"")",2XjqKvB2Xz9IdyjWPIHaXi,Sheena Ringo,61,1535769,j-pop
38,"c(""j-pop"", ""japanese singer-songwriter"")",6le80R1opKnTlP4o3KvA2k,Uru,60,751314,j-pop
39,japanese teen pop,6WmXWHmfBMhupyIs8MSqtu,natori,62,321449,j-pop
40,"c(""j-pop"", ""j-rock"")",0hSFeqPehe7FtCNWuQ6Bsy,BUMP OF CHICKEN,60,1065564,j-pop
41,"c(""anime"", ""j-pop"", ""j-poprock"", ""j-rock"")",0SMhG4gXGD4gzLMMz08cQU,SUPER BEAVER,58,365088,j-pop
42,"c(""j-pop"", ""j-rock"")",0jWCX6zp4RjWrmZRxJ2uri,Novelbright,58,466083,j-pop
43,"c(""j-pop"", ""j-pop boy group"")",14T8NkbwXVZgbOvwnuGV89,GReeeeN,58,2207519,j-pop
44,"c(""j-pop"", ""j-rock"", ""japanese post-hardcore"")",6cutt8thPFUICMfxaYerWd,MY FIRST STORY,60,491994,j-pop
45,"c(""j-pop"", ""j-rock"")",0pWR7TsFhvSCnbmHDjWgrE,Creepy Nuts,59,618481,j-pop
46,"c(""j-pop"", ""japanese teen pop"")",7kOrrFIBIBc8uCu2zbxbLv,yama,62,968344,j-pop
47,"c(""j-pop"", ""j-rock"")",6TDMbiQCWeMClsMr9ORLRK,aiko,57,606281,j-pop
48,"c(""j-pop"", ""j-punk"", ""j-rock"", ""japanese pop punk"" [...]",6YqdtpUutxodni6lUD4stM,WANIMA,57,1258779,j-pop
49,j-pop,4DDoAL8n6ob19r3jOZEbJI,Kana Nishino,57,1514660,j-pop
50,"c(""j-acoustic"", ""j-pop"", ""japanese singer-songwrit [...]",1S2S00lgLYLGHWA44qGEUs,Gen Hoshino,59,1707057,j-pop
51,"c(""anime"", ""j-pop"", ""j-poprock"", ""j-rock"")",6m14xgA0m3w92UM7ujJgky,UVERworld,59,1106535,j-pop
52,j-pop,3z8diLlUCkN1j9N9ZdnfBJ,NiziU,57,1008602,j-pop
53,"c(""classic j-pop"", ""j-pop"", ""okinawan pop"")",4BmWSGKG6HiYvLuJvZ9afa,Namie Amuro,57,1465140,j-pop
54,j-pop,4SJ7qRgJYNXB9Yttzs4aSa,Ryokuoushoku Shakai,57,767883,j-pop
55,japanese teen pop,3UY1KK0iXeC0mpaK0ltFza,asmi,57,62772,j-pop
56,"c(""j-pop"", ""j-rock"", ""japanese punk rock"", ""japane [...]",0QZqdhoRQkn1VphAa5eX8h,10-FEET,56,302680,j-pop
57,"c(""anime rock"", ""j-pop"", ""japanese punk rock"")",6n4SsAp5VjvIBg3s9QCcPX,SUDA MASAKI,57,1898023,j-pop
58,"c(""classic j-pop"", ""eurobeat"", ""j-pop"")",3Mvc8kRgr8LRYYgvFmlZqn,Ayumi Hamasaki,56,841440,j-pop
59,japanese teen pop,6oued35Hkg7GIEXqVfBrQK,WurtS,56,150530,j-pop
60,"c(""anime"", ""j-pop"", ""j-rock"", ""japanese teen pop"")",0ySFZq3Wd0SQUyJUzmJAeb,sumika,56,876017,j-pop
61,"c(""j-rock"", ""japanese indie pop"")",26ZBeXl5Gqr3TAv2itmyCU,indigo la End,57,343132,j-pop
62,j-pop boy group,2koP6FEfIEVk4l2Fe6jFhu,JO1,56,174023,j-pop
63,"c(""j-pop"", ""j-pop boy group"")",71UIOLnsacxQHlU55TvfiH,Da-iCE,55,368058,j-pop
64,"c(""j-pop"", ""j-poprock"", ""j-rock"", ""okinawan pop"")",4upiYMjsFfLRieGo8RVRzD,ORANGE RANGE,55,491560,j-pop
65,"c(""anime"", ""j-division"", ""j-pop"")",0jJmZHZHNe8n24Y33z5Nil,DISH//,56,684583,j-pop
66,j-pop,4FyAgiZa3q0eeljDvcOXFh,Ketsumeishi,55,1115891,j-pop
67,"c(""anime"", ""anime rock"", ""j-pixie"", ""j-pop"")",0blbVefuxOGltDBa00dspv,LiSA,65,2911095,j-pop
68,japanese teen pop,7jiFTNRWSw8zYgUj9wNJld,neguse.,55,114026,j-pop
69,japanese teen pop,7LTiBdByoaUd329wCpmMcM,MAISONdes,57,134156,j-pop
70,"c(""anime rock"", ""j-pop"", ""japanese singer-songwrit [...]",71hQB5jxdNiHk5gzZRhicQ,Sonoko Inoue,55,208141,j-pop
71,"c(""classic j-pop"", ""j-pop"", ""japanese singer-songw [...]",1LQQtqc1vQ1neUgZrjYlEU,Yumi Matsutoya,54,938442,j-pop
72,"c(""anime"", ""j-pop"", ""j-poprock"", ""j-rock"", ""japane [...]",0MK8l3nURwwQIjafvXoJJt,ASIAN KUNG-FU GENERATION,59,993247,j-pop
73,"c(""j-pop"", ""j-pop boy group"")",6zGmypGQUBXD4ZC9EbfMme,EXILE,54,950183,j-pop
74,"c(""j-pop"", ""j-rock"")",5jQa0f5MIMPEK7udL7UpI6,PornoGraffitti,56,804004,j-pop
75,j-pop,6YIqgghQqnkNne8BKQpW6v,Keisuke Kuwata,54,625267,j-pop
76,"c(""hokkaido indie"", ""j-pop"", ""j-rock"", ""japanese e [...]",0hCWVMGGQnRVfDgmhwLIxq,sakanaction,55,1240986,j-pop
77,"c(""j-pop"", ""j-rock"")",6MGHit7sV38BhpChZYByFv,SHISHAMO,54,472760,j-pop
78,"c(""anime"", ""anime rock"", ""j-pop"", ""j-rock"")",1luOe8HkZQ7zwuaO2wuJqI,[Alexandros],55,937070,j-pop
79,"c(""j-pop"", ""j-rock"")",0wRzWf3I4lUl9hdFF5uL0m,Sukima Switch,55,1062023,j-pop
80,j-pop,3uyDATzOGjbGCts7v2eszk,MISIA,54,1626961,j-pop
81,"c(""j-pop"", ""japanese electropop"", ""japanese r&b"")",1mN9lPKzTRTOop4u7S1Uy9,iri,54,362765,j-pop
82,japanese teen pop,3VVMRDGpbQR2SK9nHX3DW5,yangskinny,53,109244,j-pop
83,j-poprock,2NKadilSWCwuqGp5QoDeUS,ZARD,54,241913,j-pop
84,"c(""j-pop"", ""j-rock"", ""japanese emo"", ""japanese pop [...]",3cbd5GWGOknxmFAe77MDbk,ELLEGARDEN,53,536983,j-pop
85,"c(""j-division"", ""j-pop"", ""j-pop boy group"")",1g51NlHKUXlgfvGP22m0uD,J SOUL BROTHERS III,52,906275,j-pop
86,"c(""j-acoustic"", ""j-pop"")",7lNFzeAXmSIKexINNgO6bu,YUZU,53,1719178,j-pop
87,"c(""anime"", ""idol rock"", ""j-pixie"", ""j-pop"", ""j-roc [...]",0ebinq3ZTOQAJNag4sBTJj,BiSH,55,369508,j-pop
88,j-pop,5M8AXrOifBT8elkLKbGPQZ,Superfly,53,1412215,j-pop
89,"c(""j-pop"", ""japanese new wave"", ""japanese rockabil [...]",0pr3ep0knQaPHEZ2X8niA0,BOØWY,52,483422,j-pop
90,"c(""anime"", ""j-division"", ""j-pop"")",7jCHrVGjeHUYP2pHv8FOJ3,wacci,52,308110,j-pop
91,"c(""classic j-pop"", ""j-pop"", ""japanese singer-songw [...]",3vVDusnDA0LcPH3NvZpoyM,Noriyuki Makihara,51,776986,j-pop
92,"c(""j-pop"", ""japanese teen pop"")",3BjFX1nExMNHvSaoLd1I1k,Takaya Kawasaki,51,373270,j-pop
93,"c(""anime"", ""j-pop"", ""j-rock"")",449AEgfeOxqAuRn0uX6l3u,UNISON SQUARE GARDEN,54,376613,j-pop
94,"c(""j-pop"", ""j-reggae"")",70x6gPIjIhWtxjczooKl3p,Shonan No Kaze,52,303767,j-pop
95,j-pop,1AyWsgtaIgXbzjJlTx2ZDp,AAA,52,1338293,j-pop
96,"c(""j-division"", ""j-pop boy group"")",6E94YMM50nYraxpkixvQuW,THE RAMPAGE from EXILE TRIBE,52,301716,j-pop
97,j-pop girl group,4OfU76YhPU04wlmbVFFgTJ,ATARASHII GAKKO!,59,463454,j-pop
98,j-pop,4L9VSeE7K3BTBndqEL9A6q,Nissy,51,519177,j-pop
99,"c(""j-pop"", ""j-punk"", ""j-rock"", ""japanese punk rock [...]",2zUQjYvy0TevSi4d3PjqQO,MONGOL800,51,733945,j-pop
100,japanese viral pop,0psEe4IooMjolOPMrz9A5M,YOAKE,53,45702,j-pop
101,classic j-pop,3PbLpi4wzurD94SXDhVQmQ,TUBE,51,211023,j-pop
102,"c(""anime"", ""j-pop"")",5YneEA2nLtAhkD5t2769lZ,Ikimonogakari,58,1246597,j-pop
103,"c(""hyperpop"", ""japanese dance pop"", ""japanese elec [...]",0bp9CvkjQYhUJvWRHjFRWI,WEDNESDAY CAMPANELLA,52,250357,j-pop
104,"c(""classic j-pop"", ""j-pop"", ""japanese singer-songw [...]",6jIhEiXcCAyBsuEI7qZ9vc,Ken Hirai,51,865632,j-pop
105,"c(""j-pop"", ""j-poprock"")",5WBO8UyOuJ1l7ZBqqBimpO,YUI,55,468226,j-pop
106,"c(""classic j-pop"", ""j-acoustic"", ""j-pop"", ""j-rock"" [...]",7sl3PZyhzAqUpL3M6WVD8G,Kazuyoshi Saito,50,441881,j-pop
107,"c(""classic j-pop"", ""j-pop"")",00AFbqxvdDK6T1D6MQZ9c1,GLAY,50,514765,j-pop
108,japanese pop rap,6xiT2jISLeWrj8udndxqW4,SugLawd Familiar,51,26241,j-pop
109,"c(""anime"", ""classic j-pop"", ""j-pop"", ""visual kei"")",6jTjjAjvYvMYfaqi837p5x,L'Arc-en-Ciel,54,783891,j-pop
110,"c(""anime"", ""classic j-pop"", ""j-pop"", ""j-rock"")",7unNuvk3OEqGmegHTaxRA9,JUDY AND MARY,51,663019,j-pop
111,"c(""classic j-pop"", ""j-acoustic"", ""j-pop"", ""japanes [...]",5FGlhIQqewJRV8fx24toG0,Masaharu Fukuyama,50,827878,j-pop
112,j-pop girl group,0Ti7MfCiVVQAK8zLSiqlto,櫻坂46,51,122498,j-pop
113,"c(""anime"", ""j-pop"", ""j-rock"")",6KQWWzFLPQbqomJrieHAW5,Tokyo Incidents,51,754563,j-pop
114,japanese teen pop,7KSbqXHO0xzNQhzaIWILIo,音田 雅則,51,54007,j-pop
115,j-pop,0llYwFIMgF9Jzmp4ZY7wbr,KOBUKURO,51,1304284,j-pop
116,japanese teen pop,7oQ6zxSp4eQjvVkk9rGIDV,マルシィ,51,119552,j-pop
117,"c(""48g"", ""j-idol"", ""j-pop"", ""j-pop girl group"")",01wau5CL3Z1vfJJWkzBkqg,AKB48,54,435513,j-pop
118,"c(""j-division"", ""j-pop"", ""j-pop boy group"")",4HfuyMMy295oBvbIuXr0v8,GENERATIONS from EXILE TRIBE,51,701296,j-pop
119,"c(""anime"", ""j-pop"", ""j-rock"")",3PWp9R5HvbQgxI5KBx5kVd,KANA-BOON,59,900946,j-pop
120,"c(""city pop"", ""j-indie"", ""japanese electropop"", ""j [...]",2V8UZPMR1EbkXhzvEGBTrV,Lucky Kilimanjaro,51,103339,j-pop
121,j-pop,0aD7NQx7yauKlVDnqOxk6q,AI,50,767237,j-pop
122,"c(""j-pop"", ""japanese singer-songwriter"")",22FsmLO3ZyvgWBy5QbfcQi,ayaka,50,1022335,j-pop
123,"c(""j-acoustic"", ""j-pop"", ""j-rock"", ""japanese singe [...]",706WzkJEacBrtkHKRpBU2q,Motohiro Hata,53,999640,j-pop
124,"c(""classic j-pop"", ""eurobeat"", ""j-pop"")",7dZHl3ZmH21XpCwvcMlnml,Every Little Thing,50,489033,j-pop
125,j-pop,2mGYHril2LuZodRtTX06BC,Kumi Koda,52,590470,j-pop
126,"c(""japanese teen pop"", ""japanese vtuber"")",2c32JruIkUyfdycHmhIph4,花譜,52,130935,j-pop
127,j-pop,6ecCVdF55fHdbVlAu1lJXU,FUNKY MONKEY BABYS,49,846774,j-pop
128,"c(""classic j-pop"", ""j-pop"", ""japanese singer-songw [...]",2iTndWRSbuvR1tQkXzT59b,Maki Ohguro,50,235215,j-pop
129,"c(""anime"", ""j-pop"", ""japanese r&b"")",29D4iRqjepAsZt6o5hccND,Miliyah,50,515554,j-pop
130,"c(""j-pop"", ""japanese r&b"")",5VLVogbPeBgFHXQPZQzBej,JUJU,49,963993,j-pop
131,japanese teen pop,5u1MCRvQ3cA2Y9BpLSZIeg,DURDN,53,43192,j-pop
132,"c(""bitpop"", ""j-idol"", ""j-pop"", ""j-pop girl group"", [...]",2XMxWKPKCxoLkSdpCViCnr,Perfume,52,749005,j-pop
133,"c(""j-pop"", ""japanese pop rap"", ""japanese teen pop"" [...]",2sd5k8N8cAOm6Q8OCcePw4,Rin音,49,259545,j-pop
134,"c(""j-pop"", ""j-pop girl group"")",2N19kPGlqKY8GiyE4DkAtp,Little Glee Monster,50,759681,j-pop
135,"c(""j-pop"", ""japanese singer-songwriter"")",2UzjSnmjccLgd1DkvAH5OR,Kazumasa Oda,49,408801,j-pop
136,"c(""idol kayo"", ""j-pop"", ""japanese new wave"", ""kayo [...]",7140bcJ0ZySe314nUfOo1J,Akina Nakamori,51,411548,j-pop
137,japanese viral pop,78Oq5iXIM9HCAe0zYg8E7o,しゃろう,51,128263,j-pop
138,"c(""j-pop"", ""japanese new wave"")",3EAqVJtaxnPcWYlHXkHcuC,Anzen Chitai,50,246902,j-pop
139,japanese teen pop,6LesPuO1nhgJ2acJ4MjyBI,和ぬか,51,145119,j-pop
140,"c(""classic j-pop"", ""j-pop"", ""j-rock"", ""japanese bl [...]",6e9Wgn2800cCQcM0b4cNwt,Ulfuls,48,315888,j-pop
141,"c(""j-pop"", ""japanese singer-songwriter"")",7Mo0nFEU6E8fGI0P2u7MOl,Yutaka Ozaki,49,518223,j-pop
142,"c(""classic j-pop"", ""j-pop"")",5lTGqFmlTng9jPrs7c2dRA,Kome Kome Club,48,339340,j-pop
143,j-pop girl group,0eQSoTI7sQENREQM8Klp2j,Hinatazaka46,49,297038,j-pop
144,"c(""j-pop"", ""japanese old school hip hop"")",5kgH3qVSSDPPmKnQfrkblH,RIP SLYME,49,298793,j-pop
145,"c(""anime"", ""classic j-pop"", ""j-pop"")",3jdzcmtw5XOmOkSb2mRDtr,T.M.Revolution,50,344498,j-pop
146,"c(""anime"", ""anime rock"", ""j-pop"", ""j-poprock"", ""j- [...]",7gRg6C2qgQ1F01k3sgyEVt,SPYAIR,53,510620,j-pop
147,"c(""j-pop"", ""okinawan folk"", ""okinawan pop"")",3x621ItlHMtX7mrJ8QnEjM,HY,48,1177535,j-pop
148,"c(""classic j-pop"", ""japanese r&b"")",45JvI0rkPkFFL14Cj0eput,Toshinobu Kubota,49,137209,j-pop
149,"c(""j-pop"", ""japanese singer-songwriter"")",77SZmOd2zA3L3n9x697iWb,Naoto Inti Raymi,48,396070,j-pop
150,japanese teen pop,2Hf3gzOBTpBaL0SqyPjX8m,れん,50,47257,j-pop
151,"c(""j-idol"", ""j-pop"", ""j-pop girl group"")",03E7w8NrBr4lNCK33TQyil,Keyakizaka46,48,613238,j-pop
152,"c(""j-pop"", ""j-rock"")",5ydDSP9qSxEOlHWnpbblFB,Sambomaster,50,345777,j-pop
153,"c(""classic j-pop"", ""j-pop"")",5O6t6gb6MeNqzOBAq1oLad,globe,47,331591,j-pop
154,j-pop,4PFC7IPuGWwwYQUuuvSnrw,Berry Goodman,48,378753,j-pop
155,"c(""classic city pop"", ""idol kayo"", ""japanese singe [...]",3WwGRA2o4Ux1RRMYaYDh7N,Mariya Takeuchi,53,644967,j-pop
156,j-pop,7zVOa12T0RhNRzpbwZ4OCt,Che'Nelle,48,372147,j-pop
157,"c(""j-division"", ""j-pop boy group"")",162Ols90jU4CctXQz15NxS,FANTASTICS from EXILE TRIBE,48,121300,j-pop
158,"c(""classic j-rock"", ""j-pop"", ""j-rock"")",24ljrnVUlUZ2apxF6GZsrm,Elephant Kashimashi,47,311124,j-pop
159,"c(""city pop"", ""j-pop"", ""j-rock"", ""japanese alterna [...]",7jGn8qhLb48n7yMMNfAoHv,Awesome City Club,48,258355,j-pop
160,"c(""anime rock"", ""j-pop"")",3R3WEsfL1WC1zLiz3XG9K5,miwa,50,871757,j-pop
161,"c(""j-pop"", ""japanese singer-songwriter"")",0q7KOr99MYmwKxivChxpSd,Ai Otsuka,48,417779,j-pop
162,japanese viral pop,4kpQdAU7yPjqtiJsFcBTBb,ロクデナシ,55,118875,j-pop
163,j-pop,7CifQjntMwkU4kfV85zTnS,Def Tech,47,284469,j-pop
164,japanese pop rap,3jpPlA4ASvE9TlObazOIee,BLOOM VASE,47,303595,j-pop
165,"c(""j-rock"", ""japanese alternative pop"")",26WuprsX7JRG69T0PXkze4,Quruli,47,329363,j-pop
166,j-pop,1XErHyc10VN8bfGKma1Yyc,Leo Ieiri,47,566005,j-pop
167,"c(""classic j-pop"", ""japanese singer-songwriter"")",5KLvrcsAUwqMOqxErwSJmD,Koji Tamaki,47,259542,j-pop
168,japanese teen pop,762RAUTV6WKHmrHR7fsFbj,有華,53,40335,j-pop
169,japanese teen pop,71KI7v1YqVU8cIFzBl47dh,もさを。,50,361602,j-pop
170,j-pop,2fpbR8VQWHUivTaeLTR5MJ,PRINCESS PRINCESS,46,342451,j-pop
171,"c(""j-poprock"", ""j-rock"", ""japanese indie rock"")",4rqJz9fE9prZvQd8WsQv6q,THE ORAL CIGARETTES,55,553239,j-pop
172,"c(""j-pop"", ""japanese new wave"")",1GAdsh4MkpcBMk9BxJmGZ1,REBECCA,46,248853,j-pop
173,japanese teen pop,5dWE3G7COO82G6vRy2Hpum,須田景凪,52,173854,j-pop
174,"c(""j-division"", ""j-pop boy group"")",2i0kSiF991uhqOBfdKfB24,すとぷり,46,283528,j-pop
175,"c(""j-punk"", ""j-rock"", ""japanese pop punk"")",5bqCpmhZzNzRzzKSbbDkeH,Hi-STANDARD,46,163727,j-pop
176,"c(""j-pop"", ""japanese teen pop"")",6VuxycWaTHHrz5ZP5sNSsd,Yamazaru,46,220277,j-pop
177,j-pop,3eR0Jeo212WCF0Yyi46Pzj,C&K,46,292754,j-pop
178,"c(""j-pop boy group"", ""japanese dance pop"")",1dZ8IZ8BXP30yhG50TH06o,BALLISTIK BOYZ from EXILE TRIBE,46,90981,j-pop
179,japanese viral pop,15NqiLfY3eOnLiiIbGAxCF,心之助,45,110674,j-pop
180,"c(""classic j-pop"", ""j-pop"")",3v8Gnj6Kvl1fShyGgacgu1,My Little Lover,45,327633,j-pop
181,"c(""j-rock"", ""japanese indie pop"")",1bj13qFAwnyM3ILOiFnn1Y,Soutaiseiriron,46,234132,j-pop
182,japanese teen pop,216arN9tLMMn2ltwEAxmF5,SG,46,44311,j-pop
183,"c(""j-pop"", ""j-rock"")",2QgdUzpKFNxey5IuwvsGBL,Fujifabric,47,326779,j-pop
184,"c(""j-pop"", ""j-poprock"", ""j-rock"")",5m0p1hLwjTBVYdgUyQaNaQ,Road Of Major,45,161293,j-pop
185,"c(""j-pop"", ""j-poprock"")",6U2dgcU46Iy9pF3RQBj5hG,Monkey Majik,48,201136,j-pop
186,japanese teen pop,3rTxb36W3M1BCxx00iiwMU,空音,46,139497,j-pop
187,"c(""j-pop"", ""j-rock"")",4Yz1LjHwgQ5DFWJrZL8bC8,Remioromen,46,422652,j-pop
188,j-pop,4mQxvrtY2MbDuUXAhMg5pp,Ms.OOJA,46,196365,j-pop
189,"c(""j-rock"", ""japanese alternative pop"", ""japanese  [...]",1IEretLePzJKj8R6KCEaBA,Soushi Sakiyama,50,60459,j-pop
190,"c(""j-pop"", ""j-poprock"", ""j-rock"")",2XhA8BOHxO5NwbY6q3W8mD,Aqua Timez,48,379587,j-pop
191,"c(""j-pop"", ""okinawan folk"", ""okinawan pop"")",0JUEsKG18QuDt6SmyHDrnL,kariyushi58,45,123615,j-pop
192,japanese alternative pop,3QWnDVzCzffmWoYCAGNajE,Chippoke Ohashi,46,47422,j-pop
193,"c(""j-indie"", ""j-rock"", ""japanese alternative rock"" [...]",4XKIIegkRbSJft0PmMv9NB,Kaneko Ayano,47,141603,j-pop
194,j-pop,087QaLOI8MKeT9yHgjPu7P,Hazzie,45,418317,j-pop
195,japanese teen pop,2aoUBwmHWln0JSEZbi9E70,にしな,46,101357,j-pop
196,"c(""classic j-pop"", ""j-pop"", ""japanese singer-songw [...]",2FTUpyPZ3hqBPLwmaEH14B,Hideaki Tokunaga,45,333319,j-pop
197,"c(""anime"", ""j-pop"", ""j-rock"")",2wDlv5Qp9pffOqnO4vdn8L,Dragon Ash,44,277469,j-pop
198,j-pop,3D73KNJRMbV45N59E8IN0F,Mika Nakashima,49,754864,j-pop
199,j-pop girl group,1j2WhcTW00Zd2SjFYsJVc6,#NAME?,45,75090,j-pop
200,"c(""j-pop"", ""j-rock"")",1xCdTZ5Wu70H6YwsmpgmHg,THE YELLOW MONKEY,45,292711,j-pop
201,"c(""classic j-pop"", ""j-pop"")",1UDGHCGnWyikwidtaymNpz,Takako Matsu,45,102156,j-pop
202,"c(""j-pop"", ""japanese singer-songwriter"", ""okinawan [...]",4UTEZqrPqLDOhBfraPNciJ,Daichi Miura,47,510126,j-pop
203,"c(""j-acoustic"", ""j-pop"", ""japanese singer-songwrit [...]",4aDG4r8Fb7lNdMtETDIB4t,Yu Takahashi,45,213152,j-pop
204,japanese viral pop,4hUWwJ0fRLx9rYtUvT26Ii,P丸様｡,45,341034,j-pop
205,"c(""j-pop"", ""j-rock"")",1ieluXFoq2RRxMXZIQksTz,Gesu No Kiwami Otome,47,374143,j-pop
206,japanese teen pop,1J6OD7vLbjEuFVgVRlusmS,Riria.,49,149287,j-pop
207,"c(""j-pop"", ""j-pop boy group"", ""japanese dance pop"" [...]",3NRXKeatDxKe4apH6XawKX,DA PUMP,45,363631,j-pop
208,"c(""classic anime"", ""classic j-pop"")",6aXIcqTy3R1dqSml9HQZUB,TM NETWORK,45,177226,j-pop
209,japanese teen pop,2yRnjWtHzmDELwYaUiX0Yh,あたらよ,47,94237,j-pop
210,j-pop,5sefnd4yMQNYe9fuLi2XYw,Hilcrhyme,44,225221,j-pop
211,"c(""j-pop"", ""j-rap"")",6lAinPkC2U1Huibu6Vfr9R,KREVA,44,212647,j-pop
212,"c(""j-pop"", ""j-rock"")",3GP0RQRnBvpYVgdVYfcaGS,Yabai T-Shirts Yasan,44,347781,j-pop
213,"c(""j-acoustic"", ""j-pop"", ""j-rock"", ""japanese singe [...]",3ZWE1TnryM03rfzVin17K0,Tamio Okuda,44,217178,j-pop
214,japanese pop rap,6uMBnBtHeJmhc2tx1vDCae,sloppy dim,45,176518,j-pop
215,"c(""anime"", ""anime rock"", ""j-rock"", ""japanese teen  [...]",6T4K8YuFc0JPDrYgABbxao,amazarashi,50,417831,j-pop
216,"c(""j-pop"", ""j-rock"", ""japanese soul"")",0O0hxUrO2PKxZknken3R24,Suchmos,44,473271,j-pop
217,"c(""j-rap"", ""japanese pop rap"")",2AwGvrbcvOSx5HDwc4OQE3,SALU,44,147973,j-pop
218,j-pop,29PeG6G6C986jnRPBECm4D,Mihimaru GT,44,142948,j-pop
219,"c(""classic j-pop"", ""j-pop"", ""okinawan pop"")",3VpWtcxsAiE148UkrC1yt9,SPEED,43,139870,j-pop
220,"c(""j-idol"", ""j-pop"", ""j-pop girl group"")",6CKN3GUiWMrESH1RKn3ecz,E-girls,43,481969,j-pop
221,"c(""j-pop"", ""japanese blues"", ""okinawan pop"", ""ryuk [...]",659Qn4ZTVZjnSBm6a6IniX,BEGIN,44,167996,j-pop
222,j-pop,257kEbQnBziYfmtmqiNuNE,CHEMISTRY,46,364916,j-pop
223,japanese teen pop,76QUiw7IqXtPsy2dqmr2ev,鈴木鈴木,44,141702,j-pop
224,"c(""classic j-pop"", ""j-pixie"", ""j-pop"")",2RNdF99wgP5ikh7fIJ0DIk,Nanase Aikawa,43,161110,j-pop
225,"c(""anime"", ""anime rock"", ""j-pop"", ""j-poprock"", ""j- [...]",5Kpt1mryjiwHa9goYPQG1o,flumpool,44,440185,j-pop
226,japanese teen pop,2EqaSEa0WkE59Aca9iXSYj,『ユイカ』,51,158913,j-pop
227,"c(""classic j-pop"", ""j-pop"")",74UwkYjA5WAPyrTYFO3mW9,TRF,43,221237,j-pop
228,"c(""j-pop"", ""j-rock"")",380DW51qbu5pSP8crFRIII,YUKI,43,231537,j-pop
229,japanese teen pop,7xlTOxmnztZVNgoPlMV6YS,Kei Sugawara,45,67330,j-pop
230,"c(""j-pop"", ""japanese r&b"", ""okinawan pop"")",0b2fntUmu7kE2EYjX31tZI,BENI,43,263403,j-pop
231,japanese teen pop,3gzzyz8FmSOGRVrYW8GubK,Matsuri,47,29354,j-pop
232,"c(""contemporary vocal jazz"", ""jazz pop"", ""vocal ja [...]",2Kx7MNY7cI1ENniW7vT30N,Norah Jones,70,3004381,j-pop
233,"c(""classic j-pop"", ""j-pop girl group"")",2wPaW7JIZGyM16donpyBmW,Puffy AmiYumi,43,108067,j-pop
234,classic j-pop,1kK9HRCnY3kiEgiEZIjHVH,Sharam Q,43,158968,j-pop
235,"c(""j-pop"", ""japanese singer-songwriter"")",5ajce5LoM5SK6a6zzyF4My,Mao Abe,43,142220,j-pop
236,j-pop,6ZAdWEKyVHu0ZMm5X3sajN,TEE,43,184317,j-pop
237,japanese teen pop,6geY1qz5UkWhIMQxp3oHCr,手がクリームパン,43,28010,j-pop
238,classic j-pop,7HRu4Npbza5TBWn74TkAOF,Masayuki Suzuki,51,246992,j-pop
239,"c(""j-pop boy group"", ""j-poprock"")",7lSZHedda1CjyJwI6Z9Zlj,nobodyknows+,47,41979,j-pop
240,"c(""anime"", ""j-pop girl group"")",5htVtReJ3NAwcAdxdHpim3,ClariS,49,432671,j-pop
241,"c(""classic j-pop"", ""idol kayo"")",7sU5H7XSVz0GC1RyM7jY2W,Shizuka Kudo,44,123071,j-pop
242,"c(""j-pixie"", ""j-pop"", ""j-rock"", ""japanese alternat [...]",6TNooB9HDJ9Xs1GFPl2Fiv,SHE'S,43,186302,j-pop
243,"c(""japanese pop rap"", ""japanese teen pop"")",6s5z8omxqZ2k0gdGUSB0hp,堂村璃羽,42,101889,j-pop
244,"c(""classic j-pop"", ""j-pop"", ""japanese singer-songw [...]",0jMZY406RfgjK6PFKIRfAv,Kohmi Hirose,43,198507,j-pop
245,japanese teen pop,03dBLURxQxZxLkYKteHBEN,まつむら かなう,42,12395,j-pop
246,"c(""anime"", ""j-pop"", ""j-rock"")",1CWmF1EcrKoWIbZt9Ivfg2,BLUE ENCOUNT,49,345544,j-pop
247,japanese alternative pop,5k7KS34gxQbzdQaXWSOVKC,AiNA THE END,46,71715,j-pop
248,"c(""j-pop"", ""j-reggae"")",151w10AZKmL4a6iPwgxap3,MINMI,45,222696,j-pop
249,j-pop,64Y8hjY7esLUC8ucjtHYwZ,Miki Imai,43,248874,j-pop
250,"c(""anime rock"", ""hokkaido indie"", ""j-poprock"", ""j- [...]",7p2S6p9yYGhJTtbTQFnsYZ,Galileo Galilei,46,171531,j-pop
251,"c(""japanese alternative pop"", ""japanese new wave"")",5lEzAveEBteB85UVvKTanp,whaledontsleep,47,173622,j-pop
252,"c(""denpa-kei"", ""idol rock"", ""j-idol"", ""j-pop girl  [...]",3Zl0EsuYV23OgNw6WqGelN,Momoiro Clover Z,46,202218,j-pop
253,"c(""j-pop"", ""okinawan pop"")",279R7zEl7kwZxoMw18Pr9R,Kiroro,44,277299,j-pop
254,"c(""j-pop"", ""japanese singer-songwriter"")",5sm4rWbXSE6K8MdyTIZg7q,Yo Hitoto,42,220882,j-pop
255,"c(""city pop"", ""j-rock"")",0O1UtbTe4ca7HabaiMhYZ7,KIRINJI,47,193448,j-pop
256,japanese teen pop,4gg2Eg18OeqjqzfWtsBTMG,TENSONG,42,72154,j-pop
257,"c(""j-pop"", ""japanese r&b"")",1AU9Y5Y2Taxe4yh7AI6JRD,Thelma Aoyama,43,243969,j-pop
258,"c(""j-pop"", ""japanese r&b"")",3yzQHdj9G34CVZ5rVUDrOM,Crystal Kay,44,304922,j-pop
259,classic j-pop,0ZSqL5iXTuBWy7ur7vT2lP,Kyosuke Himuro,41,124947,j-pop
260,"c(""j-division"", ""j-pop"")",24r8fVuKK3xtC1L7iSiM4O,EXILE ATSUSHI,41,251750,j-pop
261,j-pop,4UhiMIdxKqQxmzdE9nYe6O,m-flo,43,337712,j-pop
262,japanese teen pop,7qfEFJ6L2AaZ5iuoqTNAZI,KeeP,41,21930,j-pop
263,j-pop boy group,0udR1QMfgT37SQnL1QClTU,Bullet Train,42,56337,j-pop
264,"c(""j-idol"", ""j-pop"")",0VPLGnexd8K6BGbpLiPPVj,Flower,41,282940,j-pop
265,"c(""j-metal"", ""j-poprock"", ""japanese metalcore"", ""j [...]",5iZSZ19Lnt6iQTDITRF7Mn,"Fear, and Loathing in Las Vegas",49,260836,j-pop
266,"c(""j-poprock"", ""j-rock"")",3B9O5mYYw89fFXkwKh7jCS,TK from Ling tosite sigure,55,392406,j-pop
267,j-pop,5YixSA79eNkVmTq8xzRYF7,Ko Shibasaki,41,110690,j-pop
268,"c(""j-pop"", ""j-poprock"", ""j-rock"")",16FpDRuy5xMHpuLYZV0Hkt,NICO Touches the Walls,49,223091,j-pop
269,j-pop girl group,3e3ubSlRDBFxokscDrbvpF,≠ME,41,32406,j-pop
270,"c(""j-rap"", ""japanese pop rap"", ""josei rap"")",6H3niqx3EU1Cg14nMe0PhN,AYA A.K.A PANDA,40,99624,j-pop
271,j-pop,0iWpuF3h43ZtZJxcUp8eti,Yusuke,41,91604,j-pop
272,"c(""j-acoustic"", ""j-pop"", ""japanese singer-songwrit [...]",31VPfrPEa86aKpD2LT3Ued,Naotaro Moriyama,41,330346,j-pop
273,"c(""classic j-pop"", ""j-rock"")",7ovAoJY1WI5kUXRCa35C2I,Ozawa Kenji,41,82114,j-pop
274,"c(""j-pop"", ""j-poprock"")",1Tg3cYxIGONHrwVagR1QlG,DEEN,40,138099,j-pop
275,"c(""j-pop"", ""japanese singer-songwriter"")",4NXiJRheKGsTycUmPwtwSP,Chihiro Onitsuka,41,162721,j-pop
276,"c(""classic j-pop"", ""j-rock"", ""japanese singer-song [...]",3SBG08XwrIxXSPTxsbM0b6,Cocco,40,170823,j-pop
277,"c(""j-idol"", ""j-pop"", ""j-poprock"")",5kYS7bPX5tm3jrsYqqNSZN,ZONE,40,70656,j-pop
278,"c(""j-rock"", ""japanese alternative rock"", ""japanese [...]",1V1HDPQwGOyUIr9KB6Oq7Q,cero,41,111656,j-pop
279,"c(""j-pop"", ""j-rock"", ""japanese singer-songwriter"", [...]",2v3eFzDOUnyWP1drW2dPTp,Chara,41,293822,j-pop
280,"c(""j-pop"", ""j-rock"")",56Eer6ASRcE4aJHJwejTuN,Kaela Kimura,40,181470,j-pop
281,"c(""j-reggae"", ""japanese pop rap"")",4yTlkvMq4KzvvkvlF5qnyJ,LIFE STYLE,40,4149,j-pop
282,classic j-pop,7tZ4vIF5bfR7cI1VOVPvpy,Junichi Inagaki,41,110954,j-pop
283,"c(""japanese pop rap"", ""japanese teen pop"")",4CNZyuclyT33od27ZSjJMD,Novel Core,39,48291,j-pop
284,"c(""j-acoustic"", ""j-pop"", ""japanese blues"", ""japane [...]",6gvedX0HcRQYMD5IhY8KKt,Masayoshi Yamazaki,42,268796,j-pop
285,"c(""classic city pop"", ""japanese singer-songwriter"" [...]",0fzFpiDDFQspynZvGDlGC6,Takao Kisugi,41,41369,j-pop
286,japanese viral pop,1ZJ9RKrUKQB5wEl5Liv4kL,ロス,42,47660,j-pop
287,"c(""anime"", ""anime rock"", ""j-pop"")",0PYPjvZaOa7bsCq26JOX8d,Vickeblanka,56,259123,j-pop
288,japanese viral pop,2q2P3aOEL8WUFApgPupsM9,Yoru no Hitowarai,40,120195,j-pop
289,"c(""japanese teen pop"", ""japanese viral pop"")",7GBDKoYYinEfOirEzLlHPK,natsumi,40,23309,j-pop
290,japanese viral pop,6mfcqKVXNZgdzdiYh3MAaR,水野あつ,40,99131,j-pop
291,j-pop,3jO3oDlkVv4sTyvm6lyE0p,ET-KING,39,174432,j-pop
292,"c(""anime rock"", ""j-poprock"")",2zwGPEFviyaICCDiAWxLjy,DOES,44,106108,j-pop
293,j-pop boy group,68hd7ONzgN98uAZDWMlmAQ,BUDDiiS,39,24723,j-pop
294,j-pop,7HKv46ONX5fJFCSygtx9R0,Chris Hart,40,393316,j-pop
295,"c(""j-poprock"", ""japanese alternative rock"")",7zyObVag8rUjItn71SkIrh,Survive Said The Prophet,54,207154,j-pop
296,"c(""idol rock"", ""j-poprock"")",7hTZwqQILVH4bAbN67CeEz,SCANDAL,47,299297,j-pop
297,j-poprock,35AeYLIKrorZDAxsb40vVZ,ラックライフ,47,98468,j-pop
298,"c(""j-poprock"", ""okinawan pop"")",5uisl58N23dXm8fGfbLF8m,D-51,43,43355,j-pop
299,j-pop,7ugEofYR3PMzWl0G2erk81,MACO,39,240218,j-pop
300,japanese teen pop,5NUhVvh0ERaLUcVqbUfDhK,ao,40,20434,j-pop
301,"c(""j-pop"", ""japanese singer-songwriter"")",0AzJGufY9eXWy5wHZWQ71H,Ayaka Hirahara,39,196596,j-pop
302,j-poprock,4Xho9HlopbIH2VpxfDkVXn,Hitomi Yaida,38,31714,j-pop
303,japanese teen pop,2OvGNY9H8YN4MJCVsTW17R,虎韻,38,6188,j-pop
304,japanese teen pop,3of301alMiUWK1KFTLcj4L,莉犬,39,187843,j-pop
305,"c(""j-pop"", ""j-poprock"")",0gakJs5JAKmJZ4KnAHMh9i,Do As Infinity,43,239056,j-pop
306,"c(""j-pop"", ""j-rock"")",5V7OCRPNS7vBRLRkrMVNqp,LOVE PSYCHEDELICO,39,242130,j-pop
307,japanese teen pop,67B3zxnhGAjiz0OVdPidXk,Skypeace,39,90020,j-pop
308,"c(""j-pop"", ""j-rock"")",6ML3nrYx5Mu1wcXP8SmtG2,the brilliant green,40,163732,j-pop
309,"c(""j-pop"", ""j-poprock"")",58WqD0AmJH03qw4AUN00Yx,Kishidan,38,101506,j-pop
310,"c(""classic j-pop"", ""j-pop"")",0yKgtrXFlFG2rbA5vamkC5,Yuna Ito,39,116767,j-pop
311,japanese dance pop,5lRAsaQysYDBzpa1CT0qwV,LOZAREENA,39,28167,j-pop
312,japanese pop rap,4IooSOk6TIp3WJohCDpfYr,Hawk,38,14872,j-pop
313,"c(""j-acoustic"", ""j-pop"")",68TWc4rraWK3C522KFdt0b,Mone Kamishiraishi,39,184512,j-pop
314,"c(""j-idol"", ""j-pop"")",34eavfJpWV3DnvwqOmml18,Hitomi Shimatani,39,102989,j-pop
315,"c(""city pop"", ""japanese r&b"")",71YfYiTx6KAZFJfKaNYueQ,Friday Night Plans,45,90458,j-pop
316,j-pop,4kuP7AbiovQdVXJkRHeq4w,Sonar Pocket,38,91210,j-pop
317,"c(""j-acoustic"", ""j-pop"")",5TS11vZTUaDP4maTjFCcBU,Sakurako Ohara,38,266832,j-pop
318,japanese teen pop,0eg7sMst2b9wLVyMgtRFpY,クボタカイ,39,59272,j-pop
319,"c(""city pop"", ""japanese r&b"", ""japanese soul"")",6DvqAr90Cw6sbEt4Iu6KDR,YONA YONA WEEKENDERS,39,38108,j-pop
320,"c(""j-pixie"", ""okinawan pop"")",5yJK9kmUG5wPAPDfaaandz,Anly,43,51927,j-pop
321,"c(""j-pop"", ""j-rock"", ""japanese garage rock"")",3X1afU2VL6MV0AJacARH7T,OKAMOTO'S,42,123680,j-pop
322,japanese viral pop,6ggtLFRSvZsS61lbxLujd9,meiyo,44,47435,j-pop
323,j-pop,630MXrFVMaDvoAnjs8d0Nf,19,37,150764,j-pop
324,japanese dance pop,4lsSLCTKrmfULsRivqAShx,Hiroomi Tosaka,39,187015,j-pop
325,"c(""hokkaido indie"", ""j-idol"", ""j-poprock"")",76oZZyUq2OsR4uvuZVYdPn,Whiteberry,37,21628,j-pop
326,japanese viral pop,0MJZFhZQwhlhY7I0fRUKRj,Yuaru,39,13609,j-pop
327,japanese alternative pop,3cn7Ujrlj3rdyuqmOYhBJT,HARU NEMURI,42,65195,j-pop
328,"c(""j-pop"", ""japanese teen pop"")",32QmJ5obSke8YKDbQvVPUx,Eito,38,268982,j-pop
329,"c(""j-rap"", ""japanese bedroom pop"")",5JlRv2tBZk1f4c7UULHkUY,VaVa,37,29409,j-pop
330,j-pop boy group,4MRHdjH8xf7OH0utAw4air,The Gospellers,38,84675,j-pop
331,japanese alternative pop,4GxWcui9BlMJH9VOOK5wav,Higuchi Ai,50,60401,j-pop
332,"c(""j-pop"", ""j-rock"")",7n437ZdDaCzqjJDJ7WmbyX,androp,38,156241,j-pop
333,"c(""indie soul"", ""jazz pop"")",1uiEZYehlNivdK3iQyAbye,Tom Misch,65,1148523,j-pop
334,japanese teen pop,7voEy17zvlQojgmQYUlKDK,あれくん,41,95216,j-pop
335,"c(""j-pop"", ""j-rock"", ""japanese garage rock"", ""japa [...]",4sWyw0OrBKwmiaPOAuTuig,GLIM SPANKY,38,101564,j-pop
336,j-pop,0YXSqOpIseLknz8JjcX0UH,Tetsuya Komuro,37,33756,j-pop
337,"c(""classic j-pop"", ""eurobeat"", ""super eurobeat"")",13Y7h239f3l2knkpG5O7Uo,m.o.v.e,42,39139,j-pop
338,"c(""indietronica"", ""japanese alternative pop"", ""shi [...]",2vJObElaIZWYDLpiXiJMo9,Cornelius,43,144004,j-pop
339,j-poprock,6vJEQqtEx2VB8clDzhyhvC,GARNET CROW,38,28617,j-pop
340,"c(""j-pop"", ""j-poprock"")",1txC4MvuCHFRrtRiy4cwnR,SEAMO,37,132483,j-pop
341,"c(""classic j-pop"", ""japanese techno"", ""shibuya-kei [...]",3JByu9VCNA1Rs6puGfRupj,Denki Groove,38,150490,j-pop
342,japanese viral pop,2kgwlK1KWV3bgzT7FsJGoR,703goushitsu,37,39127,j-pop
343,classic j-pop,5fgs0MDos9tQllg7fV27Ug,中山美穂 & WANDS,37,2211,j-pop
344,"c(""48g"", ""j-idol"", ""j-pop girl group"")",1DdzMfvcBzMgdX5iPu69wk,NMB48,39,78050,j-pop
345,japanese pop rap,6iMwrsrienfQITGVUc8R5q,リルジャップ,36,16205,j-pop
346,japanese teen pop,094Hm9iuxQNa81vKcyedCr,Sui,38,97057,j-pop
347,"c(""j-idol"", ""j-pop"")",74F5BixS3Q9eSs9AnG3xIz,chay,36,121576,j-pop
348,japanese viral pop,2cE3MDAfkGNrJXnq1V4e11,Local Campione,37,4291,j-pop
349,"c(""anime"", ""anime rock"", ""j-pixie"", ""j-pop girl gr [...]",3YmAt9U9INQwxAwfgMVfKD,TrySail,41,109584,j-pop
350,japanese viral pop,3KaeBQyUIIn9LWaAn9kkG0,PAIN,36,28745,j-pop
351,classic j-pop,6LPAJqKRO7d6cJ9GcqdfCh,Yasushi Nakanishi,36,12213,j-pop
352,"c(""city pop"", ""japanese r&b"")",19C24gEiJyfC8b2IhuupfA,SPiCYSOL,39,92946,j-pop
353,classic j-pop,44ABnS2hBJ3womOeTqx5jp,Tomomi Kahara,36,90320,j-pop
354,"c(""j-idol"", ""j-pop girl group"")",0hWvpmIrUgyPKOYvEGcERp,Shiritsu Ebisu Chugaku,36,54800,j-pop
355,classic j-pop,5tzXe29CBmoCiUGwpfYAct,H Jungle With t,36,44101,j-pop
356,"c(""j-pop"", ""japanese singer-songwriter"")",7if7UQ2RpiPgIvUkgomgR7,Angela Aki,38,120523,j-pop
357,"c(""japanese teen pop"", ""jirai kei"")",48cmBTHGDXpbMmImSbBprJ,音莉飴,38,25772,j-pop
358,j-pop boy group,7hkQYkktyo9LEAE5aIwi6e,WATWING,36,19929,j-pop
359,"c(""j-idol"", ""j-pop"")",5rdloWitZKhrtedmOBdhG8,hitomi,37,97152,j-pop
360,classic j-pop,6QzMaC8g1HEqXxxOXEVYsh,class,36,3111,j-pop
361,japanese pop rap,4adIXWuLOLHAnxLgKbRw9t,EINSHTEIN,35,20267,j-pop
362,"c(""j-poprock"", ""j-rock"")",0CvWmx0ZwvjimskCJvUjXb,SIAM SHADE,37,32547,j-pop
363,j-pop girl group,02hwDSWEF0JdOgdIBw1gRT,Cho Tokimeki Sendenbu,37,26134,j-pop
364,japanese teen pop,4HVrQm6wGdr7u8MpunIVIa,るぅと,36,144930,j-pop
365,j-poprock,3sE3971KYAw7t9ENx8Eqwk,Who-ya Extended,45,42211,j-pop
366,"c(""bitpop"", ""japanese dance pop"", ""japanese electr [...]",2qNI3aGlywRzTkRBOy9YzG,Yasutaka Nakata,39,127277,j-pop
367,japanese viral pop,1I24D95GZP1Nr9hVsiOLmw,こはならむ,41,36490,j-pop
368,j-pop,7sJzR6n8Buyv45FKrLvZIS,May J.,36,230115,j-pop
369,j-pop boy group,4jhJ8cnJ9vYKyCh289nuwQ,M!LK,36,33603,j-pop
370,"c(""j-reggae"", ""japanese dance pop"")",4WBZSqhp3CgTL5XUgfXvBm,Banty Foot,35,6796,j-pop
371,"c(""j-rock"", ""japanese pop punk"", ""japanese punk ro [...]",7xx0gYr6iMecpDbSynNzWF,SHANK,36,40291,j-pop
372,"c(""japanese alternative pop"", ""japanese indie folk [...]",27ZpqmpHDgVgmAcBULfzTH,Yuta Orisaka,36,81043,j-pop
373,japanese teen pop,4KfaVl1CHPth5izlzFeh4D,erica,35,60112,j-pop
374,"c(""city pop"", ""japanese r&b"")",73vrL9RiKlSaQFo2izavC1,Tokimeki Records,40,41348,j-pop
375,"c(""city pop"", ""j-rap"", ""japanese chill rap"", ""japa [...]",5DbBdSGEbUynwuApR95Bfi,maco marets,37,38217,j-pop
376,"c(""anime"", ""j-pop boy group"")",6p3G10bi9yrw3me7CDrCta,ACE COLLECTION,37,45566,j-pop
377,"c(""j-rock"", ""japanese alternative pop"", ""japanese  [...]",1gpNGL4WHSegm0WXj2j1m0,clammbon,37,97772,j-pop
378,japanese teen pop,3sIalaTfShc1biZjHCCVkv,Yoh kamiyama,50,244849,j-pop
379,classic j-pop,440bRdM7PVWhSoOtDiIWPL,Pocket Biscuits,35,56571,j-pop
380,"c(""city pop"", ""japanese soul"")",63ylN6WBUUxxMsySiDmr0B,Omoinotake,45,106191,j-pop
381,"c(""j-reggae"", ""japanese dance pop"")",384MAG8fZLUBFQoO2KgDVG,KIRA,35,13507,j-pop
382,"c(""city pop"", ""japanese r&b"")",7tyrh2CwSnilzMD8olQxcx,LUCKY TAPES,40,187048,j-pop
383,"c(""city pop"", ""japanese r&b"")",2Ea7qJOrKOD6OYkXNEUwrs,SUKISHA,36,37140,j-pop
384,"c(""adult standards"", ""canadian pop"", ""jazz pop"", "" [...]",1GxkXlMwML1oSg5eLPiAz3,Michael Bublé,70,5948322,j-pop
385,japanese viral pop,7fpTC19DbeQiC5QKI8cJRQ,$HOR1 WINBOY,35,7956,j-pop
386,j-pop boy group,6Pob63g9NOdT7moTAUZ4GB,ONE N' ONLY,35,34992,j-pop
387,"c(""classic city pop"", ""classic j-pop"")",41DTvjqwAz1jgZCAZ6KTJG,Senri Oe,34,30489,j-pop
388,japanese teen pop,21zena64R6JhAeG6EvvvWQ,ころん,34,154143,j-pop
389,japanese dance pop,5vLM0jSwj4TMVhnWuocoaD,EMMA WAHLIN,36,10479,j-pop
390,japanese dance pop,5N22lbGgYS8PIR9or5LIIF,Maharajan,36,29868,j-pop
391,"c(""japanese alternative rock"", ""japanese dream pop [...]",4nA0WP72lQ6494sT3xbips,Lovely Summer Chan,37,52840,j-pop
392,"c(""japanese chill rap"", ""japanese pop rap"")",6RzdMi00bcAPKf4Y5isj9j,15MUS,33,21504,j-pop
393,j-pop boy group,7gcQfJbjZ2W440kQ2wmqzk,THE BEAT GARDEN,34,10812,j-pop
394,japanese teen pop,01O1K2of8wkNZJhWRlRFcT,舟津真翔,34,24679,j-pop
395,japanese teen pop,2OpX0FyI9sULjE7pmpT0eh,竹内唯人,34,18316,j-pop
396,"c(""city pop"", ""j-rock"", ""japanese alternative rock [...]",7kDTCZA56nH6fCdEY0rBgh,Yogee New Waves,36,127773,j-pop
397,"c(""j-poprock"", ""otacore"")",4bykb0rz2eT2t2kzihCsne,BRADIO,45,145968,j-pop
398,"c(""contemporary vocal jazz"", ""jazz pop"", ""vocal ja [...]",5z1VAFwT35EVvCp1XlZZuL,Diana Krall,61,1055307,j-pop
399,"c(""city pop"", ""japanese r&b"", ""japanese soul"")",15B9FrdU78YP1NVHRekesE,WONK,34,73602,j-pop
400,japanese pop rap,16E27V4q0TPZXIriwMYTWV,SANARI,34,105943,j-pop
401,japanese dance pop,3NSKTb4t386KNoI3bP9XVV,Shuta Sueyoshi,36,81365,j-pop
402,"c(""j-pop girl group"", ""jirai kei"")",4ZHw7vDYK8ksMmlRsUYtxd,femme fatale,34,34759,j-pop
403,japanese viral pop,30QC26MgPFzwE0NqeX5l6s,おさるのうた,33,6075,j-pop
404,j-pop boy group,5HQAzIHOdemXR2DoevwhjT,KAT-TUN,35,107145,j-pop
405,"c(""j-poprock"", ""j-rock"")",6iglpAqZTAmvm0ffNKlaFS,tacica,39,51923,j-pop
406,"c(""classic j-pop"", ""techno kayo"")",3Mq2pWAg9g0MGi7Hv50B0f,Ryoko Hirosue,34,29498,j-pop
407,j-poprock,7BzEKSgHp2yrNC6w5NkFhQ,Goose house,50,243515,j-pop
408,"c(""japanese alternative pop"", ""japanese alternativ [...]",3WwL2Gya2VH0zHzOdakOX2,ROTH BART BARON,35,45953,j-pop
409,classic j-pop,50CvRcUXhLkVVN6jGH9X12,Takashi Fujii,33,17091,j-pop
410,japanese pop rap,7dGWpqSL5xaZjWbo3UWXyU,Klang Ruler,33,8793,j-pop
411,japanese viral pop,1vJQ33eLhZQw9PHiHoA8ZJ,ケプラ,33,23397,j-pop
412,"c(""anime"", ""j-division"", ""j-pop girl group"", ""shoj [...]",5AT0jKTq4D7IVlXsDscmQ1,i☆Ris,37,59150,j-pop
413,japanese pop rap,6ZtYpkBBZ7wfpM99Qxm0KO,Rude-α,42,71045,j-pop
414,"c(""japanese dance pop"", ""japanese electropop"")",61KJdJU38zrAW4c3PI9C9N,CAPSULE,45,104607,j-pop
415,"c(""j-division"", ""j-pop boy group"")",5l7Uyt1IiYk8l93ohXiQd6,EXILE THE SECOND,33,152202,j-pop
416,"c(""anime rock"", ""j-poprock"")",41wiRMqVmNSZ3FFM7JIeht,BACK-ON,43,125044,j-pop
417,j-pop boy group,1cF1uc5aghM4B8C6X8PuRk,EXILE TRIBE,33,200482,j-pop
418,j-poprock,2KnTQRef7hcVlK7vO9wPzI,Home Made Kazoku,40,109723,j-pop
419,"c(""japanese pop rap"", ""japanese r&b"", ""japanese te [...]",7yXfTS7XSd7lqCBxjhXeqo,ZETTAKUN,33,25715,j-pop
420,classic j-pop,3XA6oxaRzxYNoLwDeOTu36,Daijiman Brothers Band,32,12749,j-pop
421,j-pop boy group,3uh7AvkWcUbrc7ZXR0MW4b,DEEP,32,58089,j-pop
422,japanese bedroom pop,4ckGkK52pqm5j41Voz7lg4,a子,35,18596,j-pop
423,japanese alternative pop,1K4Acb9dvEU10jF5pGfJ3v,DONGURIZU,38,43333,j-pop
424,"c(""classic j-pop"", ""visual kei"")",2286E4ur6XjwJuWjaHMJkz,Kuroyume,33,48206,j-pop
425,japanese teen pop,2urNn4p0PObk4fI7inxW6Q,さとみ,32,135303,j-pop
426,japanese pop punk,3BPlRvUsbJdNM0nM8wqmbV,KUZIRA,32,7999,j-pop
427,classic j-pop,2PMtOu89yr9YBME71Y940e,Takashi Sorimachi,33,6273,j-pop
428,"c(""j-poprock"", ""japanese rockabilly"")",0bpoE3oA5qVID9ZNZAuUmg,Jitterin' Jinn,32,54647,j-pop
429,"c(""anime"", ""classic city pop"", ""japanese new wave"" [...]",5QeCklzEEYSSLWeUxuWeBy,Taeko Onuki,51,191981,j-pop
430,j-pop boy group,752sVqd0A0Hki7Gd2iOOV6,原因は自分にある。,32,18331,j-pop
431,japanese indie pop,7tBabqiwVyDG4VNrijrhE0,Kayoko Yoshizawa,32,41780,j-pop
432,"c(""japanese viral pop"", ""jirai kei"")",2VbIMw2paAzzqtemerSXWY,L1VET..,32,2031,j-pop
433,"c(""japanese alternative pop"", ""japanese r&b"")",2QKf9jr434G3Mo8Hr9npPb,THE CHARM PARK,39,59244,j-pop
434,j-pop boy group,2UEnhov0KDPYU2dmGUjfcn,w-inds.,35,58401,j-pop
435,classic j-pop,2q7KeWojB7TwaIbiWuArEW,Saruganseki,32,2953,j-pop
436,j-pop girl group,6O9ZTocnZDT41j4YrOalhz,けやき坂46,32,127580,j-pop
437,"c(""city pop"", ""japanese r&b"")",09lQqeo8BbaAxrWUHcGuJK,Maiko Nakamura,33,27861,j-pop
438,"c(""classic city pop"", ""japanese singer-songwriter"" [...]",6ooFYQBSq3sFEipwHfw5gr,Junko Yagami,46,74522,j-pop
439,japanese teen pop,1cC8oprZZCYL2H18OZKHYK,落合渉,31,21173,j-pop
440,"c(""city pop"", ""japanese r&b"")",1hmfvUtIXJ6c5odBY2kFqW,DJ HASEBE,33,20943,j-pop
441,"c(""classic city pop"", ""japanese new wave"")",25AlSzLodlCYZrjU8je4pJ,Kahoru Kohiruimaki,33,21246,j-pop
442,"c(""anime"", ""japanese teen pop"")",09KNMqVn02ntZA70RA1xyZ,sasanomaly,44,42574,j-pop
443,"c(""japanese alternative rock"", ""japanese indie pop [...]",3iyF2P8al32bYI6e3YF56K,Homecomings,36,39047,j-pop
444,j-poprock,5BSOMHNc0qjG5WFU3bWjn8,TWO-MIX,37,28355,j-pop
445,"c(""j-rock"", ""japanese pop punk"", ""japanese punk ro [...]",5uZU1Q2bJFoFAqq1FcF1pw,Hawaiian6,31,69992,j-pop
446,"c(""j-rap"", ""japanese drill"", ""japanese pop rap"")",2CYpYNuLTZkBW4tgkRbbSB,who28,31,7501,j-pop
447,"c(""classic j-rock"", ""j-rock"", ""japanese dream pop"" [...]",1g8HCTiMwBtFtpRR9JXAZR,Fishmans,43,190517,j-pop
448,"c(""idol rock"", ""j-rock"", ""japanese indie pop"")",115IWAVy4OTxhE0xdDef1c,PASSEPIED,33,65264,j-pop
449,japanese viral pop,56PipjF0kMkOQw4jctvO1m,Akuya,37,14319,j-pop
450,"c(""japanese viral pop"", ""jirai kei"", ""vocaloid"")",09bfsJNaKxdLPpxiX1kfwZ,香椎モイミ,33,11076,j-pop
451,"c(""classic j-pop"", ""idol kayo"", ""okinawan pop"")",1k1PGWbco3gP4GGTLYXHLU,MAX,33,39260,j-pop
452,classic j-pop,54HXRvw08KwpS0wxMu81cQ,Le Couple,31,2417,j-pop
453,japanese pop rap,7ErKCBi0MGvoud71tTcHBn,罰当,30,8884,j-pop
454,"c(""classic city pop"", ""japanese singer-songwriter"" [...]",3RyaA1p8ixjGPT6c8LWYPA,Ayumi Nakamura,32,18063,j-pop
455,j-poprock,2lXdBKdqczUqxZlQxqTaFF,moumoon,34,43500,j-pop
456,"c(""anime"", ""j-pop girl group"")",2DUhXuCbn5RWAkRaKh8qaA,Philosophy no Dance,35,26848,j-pop
457,"c(""48g"", ""j-idol"", ""j-pop girl group"")",5G8OLQcvoCxiMQzwEcuWeN,SKE48,32,77310,j-pop
458,japanese dance pop,1hGDB3W5mvP1ETGu2aU5WM,CrazyBoy,32,75599,j-pop
459,j-pop boy group,1Pzt7WyaiqfngZpWFA5Lts,PKCZ(R),32,65003,j-pop
460,japanese viral pop,13kzWMPtOOXvXujXHbpjVj,案山子,31,1272,j-pop
461,j-pop girl group,7vilEuvwalwkL7OxM9UuHR,Girls2,31,21162,j-pop
462,japanese alternative pop,0rFHElzeddB9ymDjgpBENX,Lamp,62,698631,j-pop
463,"c(""j-idol"", ""j-pop girl group"", ""okinawan pop"")",2B7camiqgR0ErfveavlNIG,Folder 5,38,8677,j-pop
464,"c(""48g"", ""j-idol"", ""j-pop girl group"")",4gEIINdqeWnlTnmdsCUVBf,HKT48,34,68365,j-pop
465,"c(""classic j-pop"", ""japanese singer-songwriter"")",4PANiFl0oG6creVyv9fsU9,Ryuichi Kawamura,30,46463,j-pop
466,classic j-pop,2KuEmm5pswUfpg1BiduKVi,GAO,30,3908,j-pop
467,"c(""city pop"", ""japanese r&b"")",0SLHzcDJxE57ySNIP8tTxO,the engy,32,28595,j-pop
468,japanese teen pop,0DcIlk5wRoT8icLCpFOwox,小林柊矢,32,12622,j-pop
469,"c(""japanese pop rap"", ""japanese trap"")",2SQ9GkegSRynVkpshHgrx2,STUPID GUYS,30,39876,j-pop
470,"c(""j-division"", ""j-poprock"", ""japanese r&b"")",3x57ie4pExcYUjPJCOexrY,ONE☆DRAFT,30,36726,j-pop
471,j-poprock,6ClPIi6VMHv2Q3OZ4R17wV,Tommy heavenly6,40,49239,j-pop
472,japanese dance pop,64E9KDP02XA0o13WFx2MFL,SWAY,31,13661,j-pop
473,"c(""j-rock"", ""japanese alternative pop"")",4U7i0wRZh9IIHbjuECMyIq,Shintaro Sakamoto,40,150533,j-pop
474,"c(""j-pop boy group"", ""j-poprock"")",6BP2pX1i8U6yZHXRvStQ74,SunSet Swish,33,15257,j-pop
475,"c(""classic j-pop"", ""japanese alternative pop"")",3hTzQ9eaYtycIY1LnpZp5W,Salyu,32,61099,j-pop
476,"c(""j-poprock"", ""okinawan pop"")",35VNJ4BFDvs9XkLf6ghUi6,Stereopony,37,69903,j-pop
477,japanese teen pop,3ebYjwWDYnmnfdoQ1eNljv,ななもり。,30,118593,j-pop
478,japanese dance pop,5Xcbv83o11Ez2XPHa1n8Pf,AmPm,40,53142,j-pop
479,"c(""j-rock"", ""japanese melodic punk"", ""japanese pop [...]",11PVIVQzvdHOrvVmNlkYNZ,dustbox,33,58351,j-pop
480,japanese teen pop,4qh9h7K9uwSFHCGyDl0Sf9,ヘッドフォンの中の世界,30,8515,j-pop
481,"c(""j-rap"", ""japanese pop rap"")",3lSVdMQPWn6LhHMkWLbGge,XY GENE,30,7901,j-pop
482,"c(""denpa-kei"", ""idol rock"", ""j-idol"", ""j-pop girl  [...]",2jAtwNClGACPlYgR1QFAIq,Dempagumi.Inc,34,68294,j-pop
483,japanese viral pop,3SSKMOYXuu1oOWD4Xk8TrG,enu,33,1421,j-pop
484,j-pop boy group,3RNZ3qV2S5PWCZLt69MDR7,OCTPATH,31,14833,j-pop
485,classic j-pop,7K5CN6zysGLqtsYT1XSVqM,hana*hana,29,11283,j-pop
486,japanese teen pop,3p6qvvJztwO1uCSnUSnpIC,Saki Misaka,29,25333,j-pop
487,japanese dance pop,70OLJdY31J0j1JgNcLsvSc,Ryuji Imaichi,30,130647,j-pop
488,"c(""city pop"", ""japanese r&b"")",5DdX6WAZixq5ZN5eGg068D,ASOBOiSM,31,13627,j-pop
489,"c(""j-punk"", ""j-rock"", ""japanese pop punk"", ""japane [...]",2Bxu9stwgeIGzYeTNRicKE,TOTALFAT,33,61469,j-pop
490,j-pop boy group,2RitDQzohyR2zJXoqovut4,7ORDER,30,24623,j-pop
491,"c(""anime rock"", ""j-poprock"", ""japanese pop punk"")",2mg9AmMi3b9jTbaOR5If4C,ROOKiEZ is PUNK'D,40,75854,j-pop
492,j-pop girl group,6v3VFX2qIWthj4Lr5QIxts,whiteeeen,31,22408,j-pop
493,japanese pop rap,6tfEPZxZFYrZYmDVFdf8xl,PVCMVN,29,1037,j-pop
494,j-pop boy group,4WrhFhuiPWwEkbsRzAjMBk,MA55IVE THE RAMPAGE,31,19634,j-pop
495,j-poprock,7awtWS4uPN7SUSxSRilkMa,SARD UNDERGROUND,30,15166,j-pop
496,japanese viral pop,3rluIfhAkKzKF2Fq89tYGD,フォーエイト48,29,47842,j-pop
497,japanese alternative pop,09sIEZ75poO3BQBaQ7EfGm,Pop Never Dies,30,16270,j-pop
498,"c(""japanese teen pop"", ""jirai kei"")",07QgebPIc0AFbl6D2gcrRZ,Tensions,29,5071,j-pop
499,japanese teen pop,2h1UnqL4z2x5WYXHTuzxsi,Minty,29,9810,j-pop
500,japanese viral pop,0TCRicBwMm2UFYTG35mSYy,HIKAKIN & SEIKIN,29,28909,j-pop
501,"c(""japanese pop punk"", ""japanese punk rock"")",66TdubACxGacvormjPazAk,Dizzy Sunfist,30,25341,j-pop
502,japanese teen pop,3BI27TxQPk2BVbiThvj1EV,Non Stop Rabbit,30,24801,j-pop
503,classic j-pop,5kGxwGD4ctaJ4rYiTatHI7,MOON CHILD,28,9473,j-pop
504,"c(""japanese alternative rock"", ""japanese indie pop [...]",75XDEXxePvX7Hx4T3rUlVS,Oh Shu,35,23972,j-pop
505,"c(""j-punk"", ""japanese girl punk"", ""japanese pop pu [...]",0HutkALC7kq2L8b9bnZUkq,Otoboke Beaver,40,102734,j-pop
506,"c(""anime rock"", ""j-pixie"", ""okinawan pop"")",3rJbSZv98yyWLNOvD6MsAV,7!!,49,158246,j-pop
507,classic j-pop,1cuCypz5LcHkIMiQARvsoP,桑田 佳祐 ＆ Mr.Children,28,39741,j-pop
508,classic j-pop,3lm6JsSicTww5h33Yvee1H,access,29,25486,j-pop
509,"c(""contemporary vocal jazz"", ""jazz pop"", ""vocal ja [...]",7nXyULtoL8k7wP9l6kg8Ef,Madeleine Peyroux,57,425718,j-pop
510,japanese alternative pop,7eX8mTJPAukkgwgRvwrgFC,NakamuraEmi,34,59750,j-pop
511,"c(""japanese alternative rock"", ""japanese teen pop"" [...]",19NLrvn6bFFk0R0UaSfGR9,INNER JOURNEY,29,16782,j-pop
512,classic j-pop,2TatKKNpSC0r3IQxZAbii7,STEADY&CO.,28,17715,j-pop
513,japanese pop rap,64ysMi7mJ9cs9f0fhpDJuM,Billy Laurent,29,2660,j-pop
514,"c(""idol rock"", ""j-pop girl group"")",686Q2yJDYA5wjFy1PJXjGX,BiS,30,36292,j-pop
515,japanese alternative pop,1A6I0Pth32o41Soay7HhZb,NIKO NIKO TAN TAN,29,6833,j-pop
516,"c(""album rock"", ""jangle pop"", ""mellow gold"", ""new  [...]",51l0uqRxGaczYr4271pVIC,The Bangles,61,1296869,j-pop
517,japanese pop punk,0MBIT0F93uiCv6uLQfH7i7,LONGMAN,37,8662,j-pop
518,japanese viral pop,6LTMDeytAJfS4q9u28JYl0,PARED,30,14086,j-pop
519,"c(""j-division"", ""j-pop boy group"")",2O86rYMEuvyrkOhyooK87W,SUPER★DRAGON,30,25300,j-pop
520,japanese viral pop,7ui2RoF4OYUgPGX937n5xQ,sana,33,22832,j-pop
521,j-poprock,1Jim3BQn4Kj7pJXRZ3vlRd,Hitomi Takahashi,31,15646,j-pop
522,"c(""j-idol"", ""okinawan pop"")",60cIghPNfJZNrZpyKKfObj,Yui Aragaki,29,62507,j-pop
523,"c(""city pop"", ""japanese r&b"")",0r51Lcwiq3z84XVlXDFeWS,G.RINA,29,8714,j-pop
524,japanese dance pop,59m6Auk4r76d16XDpOznCY,DEAN FUJIOKA,41,68206,j-pop
525,classic j-pop,1cpDDMq3VbNnVr45wkeHzb,Chikako Sawada,28,10727,j-pop
526,japanese viral pop,6WTDXLWJIJQJVyiXxKV4FP,docsin,27,2420,j-pop
527,j-pop boy group,0WpLxs7gzssD1jMPdeAjWO,DEEP SQUAD,30,17738,j-pop
528,classic j-pop,4uXVncHzrGNwBaQHOWLGG5,Matsuko Mawatari,37,12780,j-pop
529,j-poprock,2S6PiNmAaVVGO0YePSN3FB,OAU,27,21772,j-pop
530,"c(""japanese alternative pop"", ""japanese hyperpop"")",2RKWObN13uSEWLSr866rSn,uyuni,28,9867,j-pop
531,classic j-pop,6KYYUGQKrP2l1dOHGTYAyQ,とんねるず,27,21609,j-pop
532,japanese teen pop,289Ot2yPeAD9g1epQ6NBwi,MORISAKI WIN,31,15592,j-pop
533,j-pop boy group,4CNu1NZPWMvgb46cmKepUG,OWV,28,15425,j-pop
534,"c(""african rock"", ""afropop"", ""south african jazz"", [...]",7AcV1lk8Zrgo1691PDWEle,Freshlyground,61,61302,j-pop
535,"c(""japanese dance pop"", ""japanese electropop"")",6ah9gnwgMJ1PMKhkKOwH1D,80KIDZ,30,22063,j-pop
536,"c(""city pop"", ""japanese r&b"", ""kyushu indie"")",0jGNWHlBqs3In2Ik2AoLIl,YOHLU,31,9565,j-pop
537,japanese dance pop,6hgAxdLyAScworv2mZucqK,ØMI,32,41032,j-pop
538,j-pop girl group,7tn9UjhRgGnDjOWOXuzIgZ,22/7,30,26423,j-pop
539,j-pop girl group,3avXpwvPXKpP2AoUvd9pEe,Appare!,28,3470,j-pop
540,"c(""j-metal"", ""j-poprock"", ""okinawan pop"", ""visual  [...]",68vPeaQOlnY1aA3iBKCEpG,HIGH and MIGHTY COLOR,36,45123,j-pop
541,"c(""japanese viral pop"", ""men chika"")",2nje3wb3iWd388d3WctKUB,パンダドラゴン,27,2551,j-pop
542,japanese teen pop,5JVUxEK2hRYZLvyyJZOeV6,かりん,26,9011,j-pop
543,"c(""classic city pop"", ""japanese singer-songwriter"" [...]",2dgx69T4LT2D3PAC5ejgbe,Midori Karashima,28,17475,j-pop
544,japanese teen pop,678d2MFMPOS91dWApOi2G6,ジェル,27,122938,j-pop
545,classic j-pop,0pPjfOkLRyaXXJdizZzqCp,day after tomorrow,29,15356,j-pop
546,japanese bedroom pop,4DC1obPJLR8W43ruJxQ0Rk,Jua,28,2407,j-pop
547,"c(""j-poprock"", ""japanese alternative rock"", ""japan [...]",2eKvpW2lCmgqTJHRNrbbIn,PELICAN FANCLUB,39,30063,j-pop
548,"c(""anime score"", ""japanese alternative pop"", ""japa [...]",6kaueP97pX7WZoOwF8XsI2,Susumu Hirasawa,43,124143,j-pop
549,classic j-pop,6eyi5TzVm1ChmemsRIf8C7,L⇔R,27,9649,j-pop
550,"c(""japanese indie pop"", ""japanese singer-songwrite [...]",4DjusI9WuKLk3cmsJGtl8T,眉村ちあき,27,21392,j-pop
551,japanese dance pop,5zfNAxbKj2jx54fC0GzNMl,Unknöwn Kun,27,16807,j-pop
552,japanese dance pop,5WpHAEOowRK9peCx0CIdMy,Leola,27,34638,j-pop
553,"c(""japanese alternative rock"", ""japanese indie pop [...]",59tUUyuaTFMty5kJE9Ojrq,mitsume,36,100070,j-pop
554,"c(""japanese beats"", ""japanese pop rap"", ""japanese  [...]",1Am4iFYCHbHzsstVYToEmK,906 / Nine-O-Six,27,3721,j-pop
555,"c(""contemporary r&b"", ""girl group"", ""hip pop"", ""ne [...]",2NmK5FyrQ18HOPXq1UBzqa,SWV,58,1815882,j-pop
556,classic j-pop,2QqEZyjFGNgDq9jEvireY0,Something Else,26,2681,j-pop
557,japanese pop rap,5ZIa2tdsVtANrFkhq1EQtE,MAY-DOG,26,7946,j-pop
558,"c(""anime"", ""japanese teen pop"")",6dcd2CUUMnZjue8tgSE68n,まるりとりゅうが,30,40417,j-pop
559,classic j-pop,07xwiTdCD7TbFYdwXcgr5V,Tatsuya Ishii,27,7429,j-pop
560,japanese teen pop,2s0Rvk917lDZ1INwR0QLvW,うじたまい,26,9561,j-pop
561,"c(""alternative rock"", ""art pop"", ""dream pop"", ""ind [...]",5hAhrnb0Ch4ODwWu4tsbpi,Yo La Tengo,52,482425,j-pop
562,"c(""japanese alternative pop"", ""japanese bedroom po [...]",7zbYqEsExgXmsCHaOhXlnG,Yuinishio,32,13178,j-pop
563,japanese pop rap,4cEW3r3jrgiGUnIh6ipaAE,SHISE,28,7264,j-pop
564,"c(""japanese alternative pop"", ""japanese r&b"")",4EJMnz9nmmkBVlZcQjauTy,HIMI,28,12581,j-pop
565,j-poprock,3jwKAvUYZUeARRBlFUWkzj,Shiggy Jr.,33,43593,j-pop
566,japanese pop rap,5JHlNfEowjO3TBglD42vAi,SATOH,26,4518,j-pop
567,japanese teen pop,2nKN6scty9Yb9G4VlT6B8z,lol,32,61082,j-pop
568,j-pop girl group,3ZdRpXbuyNbMM6MQFJMErr,虹のコンキスタドール,27,16617,j-pop
569,j-pop boy group,3VZOHWaJbouQwpHvfP47Lo,BOYS AND MEN,27,10672,j-pop
570,j-poprock,5pGkTQuHNVgzBgX4d9pFsc,Veltpunch,34,16917,j-pop
571,japanese viral pop,4oLZxELOLmBdkfA9hsHe5s,なかねかな,26,5265,j-pop
572,classic j-pop,39RDuZkEsOJBhWag2sfh6B,yaen,26,29268,j-pop
573,j-pop boy group,5im6MQ0FKc1dJ5WwtqZg1T,COLOR,25,14965,j-pop
574,"c(""anime rock"", ""j-pop boy group"")",1tofuk7dTZwb6ZKsr7XRKB,MADKID,43,63598,j-pop
575,"c(""japanese melodic punk"", ""japanese pop punk"")",16LHeL1NFVUDTC6dLzkwcm,locofrank,26,26233,j-pop
576,"c(""idol kayo"", ""j-pop girl group"", ""kayokyoku"")",5qahyxUWCUPR8C1vuGozmH,Onyanko Club,29,22229,j-pop
577,classic j-pop,5xfCVu7wHgGWCplTPwaYJW,hiro,26,10521,j-pop
578,j-poprock,6nvlfxR3ZRCNzw39ZTcGSR,Lenny code fiction,39,29868,j-pop
579,japanese alternative pop,67zlAHPEzkbMQrkdC8QwPr,cadode,32,10834,j-pop
580,japanese viral pop,78R3y0wqFf79YN1mRaIarX,エイトMAN,26,9677,j-pop
581,classic j-pop,5WCpsGhCTUrvKcoZupCVX4,Yasuhiro Yamane,25,6356,j-pop
582,"c(""classic city pop"", ""japanese singer-songwriter"" [...]",6WQ9x2HEcRH639m1IGMU7H,Eri Hiramatsu,26,11940,j-pop
583,japanese dance pop,0wMkBz97F3SE4yNz0y2OOz,Maika Loubté,30,15109,j-pop
584,japanese pop punk,5NNgHGA4nj68wC8K3lR0n0,Wienners,32,19184,j-pop
585,"c(""city pop"", ""japanese jazztronica"")",6K3kyiIIxgi9TZzp2v6eof,paris match,31,21068,j-pop
586,j-poprock,73RYTxKqVXkXo52SYyFJAC,Lil'B,30,14355,j-pop
587,japanese pop rap,4EFjuq8kbNjAv9HyRiSY16,Tok10,27,14719,j-pop
588,"c(""idol rock"", ""j-pop girl group"")",221zNlzeMJxLOPMYUIAaLx,GANG PARADE,27,22123,j-pop
589,"c(""japanese viral pop"", ""jirai kei"")",0XfZgXil8ulVYIdmWvzZQA,0xanar!,25,882,j-pop
590,japanese pop rap,3wqNVw34Ut3ABp7fej8FSR,Rfly,25,5244,j-pop
591,"c(""contemporary vocal jazz"", ""jazz pop"", ""vocal ja [...]",06nevPmNVfWUXyZkccahL8,Gregory Porter,58,597845,j-pop
592,j-poprock,1vh9QMUXYSEeZrEHT22PF3,serial TV drama,29,5876,j-pop
593,"c(""japanese r&b"", ""japanese soul"", ""japanese teen  [...]",5MDud7grDjx8ISAmWjLFeM,Maica_n,28,22916,j-pop
594,j-pop girl group,4MoN2GVxad69TdfvFf0pZ6,Last Idol,26,23593,j-pop
595,classic j-pop,3CXJYGGP3L89RccxzdG8yz,girl next door,24,15166,j-pop
596,classic j-pop,0yMgDqA7rOO6XNBQx0Tko9,Yuka Kawamura,25,2447,j-pop
597,japanese dance pop,5oLb41tSEDtY357HGJCIK9,FAKY,32,59183,j-pop
598,j-pop boy group,5nIjW1OJiqkhJsdHWBfKrN,ORβIT,26,20376,j-pop
599,"c(""classic city pop"", ""japanese blues"")",6M4HwfIjf33RNtOjq3pIzf,Char,28,24609,j-pop
600,"c(""indonesian jazz"", ""indonesian pop"", ""indonesian [...]",2iDVt6mFbtbDEZG5ax0dTi,Tulus,73,12482726,j-pop
601,"c(""city pop"", ""j-indie"", ""japanese r&b"")",4ZdEBA9PcwlKaC0hBZ2hhQ,UEBO,26,7889,j-pop
602,japanese viral pop,0BrwNfE1F5grSe7ZDtwOQ1,ののちゃん(村方乃々佳),30,8367,j-pop
603,classic j-pop,2e6Ljcoe4AcMeTWZtsemzs,THE TRABRYU,25,2144,j-pop
604,"c(""idol rock"", ""j-pop girl group"", ""shojo"")",62lVEFzoouKmA6vwwLrdZf,Wasuta,28,29707,j-pop
605,japanese pop rap,0b3KYCtaiOQbtq95mlefTb,KOH,24,1910,j-pop
606,classic j-pop,2EWIKpC6npt0GTe1Cq1KDm,Yoshiki,43,91696,j-pop
607,"c(""japanese dance pop"", ""japanese r&b"", ""japanese  [...]",43pUK083tLA3lk3JQr5ATn,THREE1989,30,61731,j-pop
608,"c(""j-poprock"", ""japanese ska"", ""kyushu indie"")",3JdNagrq4kPXQ3Coj6INjp,Long Shot Party,37,5584,j-pop
609,j-pop girl group,0CXdxGaAia8vQLHVRFXW8a,≒JOY,25,7264,j-pop
610,japanese viral pop,5fgcFDFZOW8i1nMuZ3cv2s,SEIKIN,24,11169,j-pop
611,"c(""city pop"", ""j-pixie"")",5YVpCleE4Ysa6YRa66nzIN,DADARAY,31,60648,j-pop
612,classic j-pop,4PpeG1Lnx1kkiekDoPv6eu,Ruriko Kuboh,24,10322,j-pop
613,classic j-pop,0DUh3aTFD6ObgiCG2OfPNa,ZOO,25,4055,j-pop
614,"c(""japanese pop punk"", ""japanese punk rock"")",4fsXgCjIFWNkCrO2rHd5da,Northern19,25,25075,j-pop
615,japanese viral pop,6Ft6iUd8wRclZv2vqqwJ1u,本間芽衣子（CV.茅野愛衣）,37,2580,j-pop
616,j-pop girl group,3OQcKLF8yVlfDAG0uz0xLy,Happiness,25,107918,j-pop
617,japanese alternative pop,3skzBofqLUYAat2xV2uuze,浦上想起,27,11559,j-pop
618,"c(""classic city pop"", ""classic j-pop"", ""okinawan p [...]",76fgxrs4hooSPpBjqyL0wz,Seishiro Kusunose,24,3456,j-pop
619,"c(""j-metal"", ""j-poprock"", ""oshare kei"")",07wkA1PSnyfE7GcxKzf8sX,Abingdon Boys School,34,63948,j-pop
620,"c(""contemporary vocal jazz"", ""jazz pop"")",19B0pJt4UEl3fUijGTRzxB,Renee Olstead,47,101034,j-pop
621,japanese teen pop,6gJ52gQEB2dz58UgARatuv,えぬ,26,19374,j-pop
622,japanese alternative pop,1uP5mPkWII7Tcxp7xtqPmj,CHAMELEON LIME WHOOPIEPIE,26,14071,j-pop
623,"c(""j-poprock"", ""otacore"")",04q6GxPQU1OTqHGrUxeufd,Joe Inoue,40,19271,j-pop
624,j-poprock,5CVx8gIHxBaYMuQVXr8ogM,Brian the Sun,37,52137,j-pop
625,"c(""city pop"", ""japanese r&b"")",3E8101axpM3NdTLpv4vhhk,macico,28,14199,j-pop
626,"c(""japanese chill rap"", ""japanese pop rap"")",18K2ylw7v44fe9kU0cxQu8,Akusa,24,3397,j-pop
627,"c(""japanese dance pop"", ""japanese r&b"")",5o11pS7iIyQ2H4Uw587jyL,SARA-J,27,7869,j-pop
628,jazz pop,4eMIZNb3qBMQXkfwCaA31H,Anthony Lazaro,49,271567,j-pop
629,"c(""j-pop boy group"", ""men chika"")",2RSCpSXIWJm0o0of3vf75m,9bic,24,11870,j-pop
630,"c(""classic city pop"", ""japanese jazz"")",56kd1pn8Gw0o1Tc7uKJizF,Naoya Matsuoka,25,8819,j-pop
631,"c(""classic city pop"", ""j-pop girl group"")",41Sy2SaLzGisGM4k2SOH1l,Ushiroyubi Sasaregumi,24,14608,j-pop
632,japanese teen pop,5eqjGrtUd6Hed0ARBv4m0k,映秀。,24,17883,j-pop
633,"c(""j-indie"", ""japanese alternative pop"", ""japanese [...]",1pnciyHx1BO7b1EqyatTrx,D.A.N.,26,78370,j-pop
634,japanese dance pop,3bwENxqj9nhaAI3fsAwmv9,Tokyo Machine,49,201666,j-pop
635,japanese pop rap,1hXnVDbddicc8RayfMIimk,Daia,23,2810,j-pop
636,japanese teen pop,1vpKcfxN3KfVmbyddl9sYT,GENIC,26,9952,j-pop
637,"c(""japanese alternative pop"", ""japanese electropop [...]",5bIZrkukT53Jqrc4Vl4dvI,METAFIVE,24,36747,j-pop
638,j-poprock,5Vy3sqkiOe2QlsbGQw0CPy,redballoon,27,6101,j-pop
639,"c(""j-pop girl group"", ""shojo"")",4zthDDKQvX4jJtGfo4ouKr,SUPER☆GiRLS,25,20676,j-pop
640,japanese pop punk,2w3zotiYKfS7ZQLqqu3vkV,HERO COMPLEX,23,4238,j-pop
641,"c(""j-idol"", ""j-pop girl group"")",6V7cWMccRQEiOWSqygWYeK,lyrical school,24,16675,j-pop
642,"c(""j-pop girl group"", ""jirai kei"")",2AWzGewZVrlcuI3DwbB84b,kamiyado,24,43741,j-pop
643,japanese viral pop,6jkFpm0ACKBzgIfqPrPXdm,すいそうぐらし,24,12439,j-pop
644,japanese teen pop,6klHctW8dryXG9b5RrCLmV,mihoro*,23,7808,j-pop
645,"c(""j-poprock"", ""japanese post-rock"")",3xMxj310bLRnpvtcNPU92a,School Food Punishment,27,32320,j-pop
646,j-poprock,5bsH582oaAKCAcPMkOP2Vu,FUNKIST,40,17230,j-pop
647,"c(""japanese alternative pop"", ""kansai indie"")",6nu39YK7u99qv6JdygWuxG,POP ART TOWN,25,17059,j-pop
648,"c(""japanese alternative rock"", ""japanese electropo [...]",0FXJ7e5WRLaSMZvKhZDZx2,Ghost like girlfriend,25,33097,j-pop
649,"c(""japanese melodic punk"", ""japanese pop punk"", ""j [...]",32VxoMUMRUcnYscQ9gAWar,GOOD4NOTHING,23,19300,j-pop
650,japanese indie pop,2YUe21UG1hJsuhy9E3bzxp,YeYe,34,37590,j-pop
651,"c(""japanese dream pop"", ""japanese post-rock"")",6oCeoRIeqwZAgoaNOv8IyB,Spangle Call Lilli Line,28,44117,j-pop
652,"c(""city pop"", ""japanese r&b"", ""japanese soul"")",20bloSpXKTBtyHo7iYcitT,Neighbors Complain,25,18181,j-pop
653,japanese alternative pop,59krd1xNH8IJFknx9wFiVf,Ryu Matsuyama,26,10693,j-pop
654,j-pop boy group,5NuEFfheZBa6uFZVFNAND8,Green Boys,24,55933,j-pop
655,"c(""alt-idol"", ""j-idol"", ""j-pop girl group"")",4PoAqzGXLjpuYMmTRv24q6,Negicco,23,16329,j-pop
656,"c(""alt-idol"", ""idol rock"", ""j-pixie"", ""j-pop girl  [...]",4zvPQPSgKeFCeHup4yu4Dg,CYNHN,25,9465,j-pop
657,j-poprock,2j09qtoyDIrtG7H7DRihDp,CHERRYBLOSSOM,28,8705,j-pop
658,"c(""j-division"", ""japanese dance pop"")",6xQSB9lW2fMbXEP0thTSEF,SHINJIRO ATAE (from AAA),23,55615,j-pop
659,classic j-pop,6W9gf3YMU58hAlbcnGPKbJ,Yuji Oda,22,4848,j-pop
660,japanese pop rap,5ypvNXHsg17kMSdGNW5oid,ROYALcomfort,22,8721,j-pop
661,"c(""j-pop boy group"", ""japanese teen pop"")",3JjXoFr0cbbEKVX4porKRU,Jr.EXILE,22,10217,j-pop
662,japanese viral pop,3sPipyZAV5ah77gwQTMptg,HIKAKIN,22,18141,j-pop
663,classic j-pop,63Y91rXxT9bh4sLc0SGq41,m.c.A・T,25,5745,j-pop
664,j-poprock,28Be7eeRSqjriWnRuxhpOA,RYTHEM,28,9004,j-pop
665,"c(""j-ambient"", ""japanese indie pop"")",3h100hRlLZ7QDz8GRt5QsD,Lullatone,40,39636,j-pop
666,j-poprock,1hxuFHEocjer6VyONPagUz,Nana Kitade,30,16491,j-pop
667,japanese alternative pop,53MtqYIMvV1Z2L6FCh9f3h,Miu Sakamoto,23,7941,j-pop
668,japanese alternative pop,4qiB0gKNq2SHDGl2pVvXrD,tiny yawn,26,7044,j-pop
669,japanese pop rap,1W44JEapicohNE86Vr7w7Y,High Drop,22,2914,j-pop
670,"c(""j-poprock"", ""okinawan pop"")",0wyrrBOwzEYNIMp74rlAxw,HEARTS GROW,33,5444,j-pop
671,"c(""j-indie"", ""japanese indie pop"")",67FDqMJvln7C7mZLBMuu1X,Sayonara Ponytail,29,31805,j-pop
672,j-pop boy group,1xveO47dkKDIE1288sCLOE,Lead,24,8046,j-pop
673,"c(""japanese dance pop"", ""okinawan pop"")",3aDxFgyBWN7ITv32EfEvHj,iamSHUM,22,3601,j-pop
674,"c(""denpa-kei"", ""idol rock"", ""j-pop girl group"")",1y2BdZ7ihwRkZQCohhNfQq,BAND JA NAIMON! MAXX NAKAYOSHI,23,16128,j-pop
675,"c(""japanese chill rap"", ""japanese pop rap"", ""japan [...]",30qeN6y7bk4ASVG6zPd3sQ,NEWLY,22,5886,j-pop
676,japanese pop rap,28cMeN9IyBRVTUi32m635d,ブロチ,21,2289,j-pop
677,"c(""japanese dance pop"", ""japanese jazztronica"")",4Yt6N4u5vIpjRhT2O7zsLk,YOUR SONG IS GOOD,24,25229,j-pop
678,japanese viral pop,6UZw9wULGiIBh6jCOn2Er9,OHAYO,33,5174,j-pop
679,"c(""city pop"", ""japanese r&b"")",7xgHL7lpJ2OsAz3akd1OIk,碧海祐人,23,5492,j-pop
680,j-poprock,6kkPATxNypgTOflsy6D3LT,Nirgilis,25,7318,j-pop
681,japanese pop rap,5hT3pxz5FBBSIboz3OC0Du,谷口勇也,21,9185,j-pop
682,"c(""city pop"", ""j-indie"")",3l4KxDy6jXb9KjUhShbRR5,蓮沼執太フィル,24,11054,j-pop
683,"c(""anime rock"", ""j-pixie"", ""japanese emo"", ""japane [...]",08aT4nW2iKh4WRoYojWmDE,The Winking Owl,31,31576,j-pop
684,classic j-pop,1CswZ0g9yladEo1kRUSnZa,FUNK THE PEANUTS,21,2669,j-pop
685,japanese bedroom pop,5RtQtz37rszKUaMg1GeUl3,MANON,25,6746,j-pop
686,japanese viral pop,5RxtDi4b3Sjim3su6ENgPK,そーいち,21,1208,j-pop
687,"c(""city pop"", ""japanese r&b"", ""japanese soul"")",1d7tus0MFvl8SEin6MIRAs,Emerald,23,9917,j-pop
688,j-poprock,0QGg16GFoyYl8yEODlSxpQ,MAGIC OF LiFE,24,19064,j-pop
689,"c(""j-poprock"", ""shibuya-kei"")",7mzrWoSNJn8MaPPBPNr9yS,KUKIKODAN,23,15245,j-pop
690,japanese pop rap,3O2CbQ1ORKGASdeI48C3vG,Aina.,22,2857,j-pop
691,"c(""classic city pop"", ""japanese jazz"")",4czBLtKKNzTc6E4cXDYJuA,Chu Kosaka,25,15639,j-pop
692,japanese viral pop,22wgQK8kq0TeF6LgfDRK0O,線文字B,21,2779,j-pop
693,"c(""colombian pop"", ""coverchill"", ""jazz cover"", ""ja [...]",7gjr06Lie1BDJuefW3v9YQ,Flora Martínez,50,47920,j-pop
694,japanese viral pop,5FTeeOHv4pvha8YXSmy2Hy,うみろ,21,7873,j-pop
695,"c(""japanese experimental"", ""japanese indie pop"")",0E2zPwLuNlSFdSI5wmqox7,Eiko Ishibashi,32,14689,j-pop
696,japanese bedroom pop,2MBUpjG8OwblsFihG6Y9t4,Shunsuke Mita,21,11593,j-pop
697,japanese alternative pop,3WT4BJFKhoWN3Mc8TDcH7v,illiomote,23,7491,j-pop
698,classic j-pop,078s2xb9gQZOBYWxITSd7m,増田惠子・大内義昭,21,425,j-pop
699,"c(""48g"", ""j-idol"", ""j-pop girl group"")",4wZjP2p0Sm5EHM32uuAgGf,NGT48,24,36036,j-pop
700,classic j-pop,033ePowgXf6WaPaBpfFg14,KATSUMI,21,4051,j-pop
701,"c(""j-indie"", ""japanese pop punk"", ""japanese punk r [...]",6frp4bEF93k77mFn6AbwQd,THE FOREVER YOUNG,21,5217,j-pop
702,j-pop girl group,4xhjJZS6jLaPkdRdDcr2rj,BATTEN GIRLS,22,10065,j-pop
703,japanese pop rap,1SYensbEMWcoNK93VvVdin,ちーかまん,20,6806,j-pop
704,japanese alternative pop,0CWyD7hgBLQ7dIUGEDkAWz,mekakushe,23,8122,j-pop
705,japanese pop rap,7uj4zg34enYInzpT64qAB2,Frankkiss,21,1414,j-pop
706,"c(""japanese dance pop"", ""japanese r&b"")",0kvuzARGuGVDWjuIs3Hzwe,CIRRRCLE,24,8933,j-pop
707,"c(""j-pop girl group"", ""jirai kei"")",2lqUcuIdIv7Qyuw19ukFKP,Tokimeki Sendenbu,25,16926,j-pop
708,"c(""japanese pop punk"", ""japanese punk rock"")",3ZHCgdbzqHYDjPTVZG87gs,NAMBA69,21,16636,j-pop
709,japanese pop rap,2hHLAWUioiEtCIay1ZndwS,Denpa Girl,21,14087,j-pop
710,j-poprock,3zQx1Fk2lTUkSIdsL4oaxP,Little by Little,35,4880,j-pop
711,"c(""contemporary vocal jazz"", ""jazz pop"", ""vocal ja [...]",3K0BfjMh2dS8WITuiMuGGW,Lizz Wright,47,101427,j-pop
712,j-poprock,2sVXEzwxq0HQIrfUIj76pL,黒木渚,22,13085,j-pop
713,"c(""j-poprock"", ""japanese post-hardcore"")",3IN5Twv2f6MM4yIyhwHIIo,THREE LIGHTS DOWN KINGS,25,7620,j-pop
714,j-poprock,4FPhimiDlyEUsTSMWAUrhG,fumika,25,6608,j-pop
715,"c(""j-poprock"", ""visual kei"")",3j8Vtsosedh2OfhYZ381pC,LAST ALLIANCE,36,40436,j-pop
716,japanese alternative pop,18gC8b8KN9bId452Xdbl3p,BURNABLE/UNBURNABLE,23,5620,j-pop
717,"c(""contemporary vocal jazz"", ""german jazz"", ""jazz  [...]",6B3ZWSop1mrJd71rwFozVP,Nils Landgren,45,45064,j-pop
718,"c(""j-pop boy group"", ""japanese r&b"")",5aJC3tVn8aaTFq3FQFQ7E9,Full Of Harmony,20,9259,j-pop
719,"c(""j-poprock"", ""japanese singer-songwriter"")",4dP04Y2d6esI6cwOiAozgg,Rie fu,31,26784,j-pop
720,j-poprock,12OSHhni6aZbqfUp7nzjKC,SNOWKEL,31,4766,j-pop
721,japanese alternative pop,3w5Y9qujoqMYzjk6aIgpnS,Ochunism,24,10646,j-pop
722,"c(""japanese melodic punk"", ""japanese pop punk"", ""j [...]",18V3SfrN6aSc7QP3fqmUBp,Four Get Me A Nots,24,13574,j-pop
723,j-pop girl group,2SstyMCCWBZLnOj9BoyaxU,Fairies,22,27531,j-pop
724,japanese viral pop,74y1eBp00pK0DbMFZUnNP7,kakeru,20,10533,j-pop
725,"c(""j-indie"", ""japanese dream pop"", ""japanese indie [...]",31zdCo7PhGXLRbg0sfBUYa,The fin.,33,76687,j-pop
726,"c(""japanese pop punk"", ""japanese punk rock"")",6R0ajUp8xP5GZCFaQwYBrj,BACK LIFT,20,10878,j-pop
727,"c(""japanese girl punk"", ""japanese pop punk"", ""japa [...]",1ZzoJJ9wVpdlxB8Hp96ENk,SpecialThanks,26,16230,j-pop
728,"c(""japanese viral pop"", ""jirai kei"")",3knBO7rQ2WaW3wRNUkG1nl,名前は未だ無いです。,19,7072,j-pop
729,classic j-pop,6xdg0RWqnueooDo4chTcta,Jungle Smile,20,3645,j-pop
730,j-pop boy group,4jtwvvkDVrBZosFsvbSLXm,EBiDAN (恵比寿学園男子部),20,7491,j-pop
731,japanese pop rap,7qkCER4mvxgW77V3mTTIfz,REN,20,727,j-pop
732,"c(""alternative r&b"", ""indie soul"", ""jazz pop"")",2datC2OML2YxykP6vnDRmg,Yazmin Lacey,46,91048,j-pop
733,"c(""japanese dream pop"", ""japanese indie rock"", ""ja [...]",6D4CyQKY5fDsjK5qKNfqDy,For Tracy Hyde,28,21850,j-pop
734,japanese dream pop,5n0o8fBtnm15nMHwCOEa6O,Kicell,21,13786,j-pop
735,japanese teen pop,0PZn9J0BdIbkiYVvfzP0eg,Karin.,22,18410,j-pop
736,classic j-pop,2Z5U9dBFzMH1MgW55vPLnd,Mana Kana,19,1291,j-pop
737,j-pop girl group,3VkzOWyUWokxM09rftK7d8,FES☆TIVE,21,6845,j-pop
738,"c(""j-pop boy group"", ""japanese dance pop"")",0gXdjWalwSp0EkSetJ612q,FlowBack,22,14865,j-pop
739,"c(""classic city pop"", ""classic j-rock"")",1hpng1qlmNyaCQZLdZpbfQ,ティン・パン・アレー,21,14494,j-pop
740,"c(""electric bass"", ""jazz"", ""jazz pop"", ""vocal jazz [...]",5bepW5vcdRzheNc0F8lHJ5,Esperanza Spalding,42,354909,j-pop
741,"c(""japanese alternative pop"", ""japanese r&b"")",1PSuZ74d4aJt9LR4fIoBNo,yahyel,20,30012,j-pop
742,"c(""j-poprock"", ""japanese alternative rock"")",1FdojLtbHge9K5DlOsHrkd,Czecho No Republic,22,17091,j-pop
743,"c(""denpa-kei"", ""japanese indie pop"")",6Ihais1Q3Uht375CjQqeSR,A crow is white,26,32135,j-pop
744,japanese pop rap,1jn7KGhS5f79E6efpgukdK,Kohjiya,21,1228,j-pop
745,japanese pop rap,4dCwJMFvqEgUt7uFSkJ84k,L's town,19,1111,j-pop
746,"c(""classic j-pop"", ""idol kayo"")",0053IOogvINAp4SBeFSz82,CoCo,23,6807,j-pop
747,japanese pop rap,5HvnvzT38WprLXHmtO6LxY,HEAVEN,19,3135,j-pop
748,japanese indie pop,17hvKV6AvsWzFhrQRXgJf9,Chouchou,25,11459,j-pop
749,j-poprock,6KFocrrFAPX0HOIsRQG9Hr,Mikio Sakai,30,4052,j-pop
750,j-poprock,2sUEUvyOBblaAJdcHnlLXV,Swimy,26,4981,j-pop
751,japanese indie pop,5KvfVmM9oHCiIy88GOG58h,Analogfish,27,16560,j-pop
752,japanese teen pop,6sraWd2C9dGYyGjeLQhh1M,純猥談,20,5894,j-pop
753,"c(""contemporary vocal jazz"", ""jazz pop"")",19j0iFmJ5A6CMT0MVZZU4O,Kandace Springs,40,49540,j-pop
754,"c(""japanese teen pop"", ""men chika"")",4GEJn9D9CbxI4UV8zQHxCY,Sakurashimeji,20,14778,j-pop
755,japanese alternative pop,6iCB8Oh5qNCfMM6Bjn3bOf,Doul,25,41844,j-pop
756,"c(""j-pop boy group"", ""men chika"")",2PVxO9qY9791w5vGt5SKsa,BLACK IRIS,19,1256,j-pop
757,j-poprock,79J1fd1c3x60MVdSkBMGoX,UNLIMITS,32,15169,j-pop
758,"c(""japanese pop punk"", ""japanese punk rock"")",0p3U0uLx2oSf0yn8i5XZki,Nicotine,20,10755,j-pop
759,japanese dream pop,2eIwiMzHBYVTZ2iTYiuacE,Lily Chou-Chou,40,68752,j-pop
760,"c(""city pop"", ""japanese dance pop"")",57eMezj5cRrIJreMdbecEh,Mime,23,8936,j-pop
761,"c(""j-indie"", ""japanese indie pop"")",7oOtm11Zlovb1drk8T1zhK,片想い,19,6607,j-pop
762,japanese viral pop,3pOsiXCs15cciauqipr975,Hari Supiko,19,5178,j-pop
763,japanese pop punk,0rTSanf2jBgMMPXpZvT24S,BUZZ THE BEARS,19,8385,j-pop
764,j-pop boy group,56imRTaCuJwSxQDveltEVU,Natural Lag,19,7470,j-pop
765,japanese viral pop,4li2cCmeLVAy04kdgawIpz,lil鉄火巻,18,3330,j-pop
766,"c(""classic j-pop"", ""shibuya-kei"")",3UsQ4XdEqcQ1PoUI1wV0Lb,Kahimi Karie,30,35036,j-pop
767,"c(""48g"", ""j-pop girl group"")",1c4s43A2Q5sptLUAfv3tOf,NMB48 Team N,21,5301,j-pop
768,japanese pop rap,4DxpwKct6m8KHSYFan5P4R,YOSHI,19,10234,j-pop
769,j-poprock,0KxIciZ1cJrk3N0xknsEnR,Prague,23,2898,j-pop
770,"c(""j-idol"", ""j-poprock"")",3gQe1ekWxXzJCI1ryAvxxP,Aya Ueto,20,13738,j-pop
771,"c(""j-pop girl group"", ""jirai kei"")",23dhjVRmy4Cz5HKfbd6Uh7,君に、胸キュン。,18,1102,j-pop
772,"c(""glitch pop"", ""j-ambient"", ""japanese idm"")",1N0uTSN7HQpzJYmQIvsusL,Serph,23,18877,j-pop
773,"c(""japanese pop punk"", ""japanese punk rock"")",7zAPELMruolERj0vMJGp76,COUNTRY YARD,19,10672,j-pop
774,japanese teen pop,69hIxBVhw5zdCXv01W3Mbd,安斉かれん,24,9085,j-pop
775,japanese pop rap,0PnMGEqSmcJM8yfhVxK0YP,TWO BEST,18,4414,j-pop
776,j-pop boy group,1ELi8EtBddXdfm2QdYCtVj,Tensaibonjin,19,1788,j-pop
777,j-pop boy group,1R3A8Jc5m64XnitfhGZDHA,Shuchishin,18,2303,j-pop
778,japanese pop rap,3UgY0MXn930n1oHiPcfWkh,Nao,18,1267,j-pop
779,j-pop girl group,2MiheFm6jbDXNZXQOso9It,9nine,24,9550,j-pop
780,"c(""classic city pop"", ""japanese vocal jazz"")",2NmZjnTUfF6MFpkHcopO96,Hatsumi Shibata,25,6942,j-pop
781,"c(""japanese alternative pop"", ""japanese bedroom po [...]",3xiMlcfR162PpRFXtCV6fE,uami,19,4324,j-pop
782,classic j-pop,0EEyuhRgwrXmDN7eZdWUyh,蓮井 朱夏,18,1285,j-pop
783,"c(""classic city pop"", ""japanese jazz"")",183gGYMMBJVdNRVAxHzxn7,Yuji Toriyama,21,4001,j-pop
784,japanese pop rap,07pTQLHaZUdfhScsGfmp25,kou-kei,18,481,j-pop
785,j-pop girl group,2cC1CtQQatlZQSdTFxppsG,Jewel,18,4353,j-pop
786,j-pop girl group,5FUt2Hn7k3YaFqvsc9htiY,hy4_4yh,18,2614,j-pop
787,j-pop girl group,2mUoXdIOsE0kFnXdNzS3wx,Tokyo Girls' Style,20,24934,j-pop
788,"c(""contemporary vocal jazz"", ""jazz pop"")",6U57UDt8Ou4pLLvCSdvKHO,Anthony Strong,39,8108,j-pop
789,"c(""japanese dream pop"", ""japanese shoegaze"")",3xSs5iXfAy7FPN8cUqBEfm,宇宙ネコ子,39,71455,j-pop
790,"c(""j-division"", ""j-pop girl group"", ""josei rap"")",4AA6Dmgfg8CRDXoBAgnkvc,sudannayuzuyully,20,50956,j-pop
791,classic j-pop,1xkvgdDHqUvqZ8Ffds9tPt,GO-BANG'S,17,6867,j-pop
792,j-poprock,12gxozvsHyIrtWaF4c3MjT,YeLLOW Generation,23,3209,j-pop
793,"c(""city pop"", ""japanese r&b"")",72C5vNpdDKj70D3NU1P5fB,sooogood!,19,7057,j-pop
794,japanese dance pop,2Wj83ZkeRUYtTq0kaPOoQW,JUVENILE,21,3071,j-pop
795,"c(""japanese drill"", ""japanese pop rap"")",5FyZiNFoZYDUwFOXBsctGm,TEITO,17,1007,j-pop
796,j-pop boy group,4pApECu12ydY8BA03KbjDf,COLOR CREATION,18,6437,j-pop
797,j-pop boy group,5yzLjgtXt52UUcOO0y88ma,INTERSECTION,34,58634,j-pop
798,japanese alternative pop,6kImBuGqfeArVBGal435PO,Naz,18,4786,j-pop
799,j-poprock,1l34dKPJr1a9QOBCeedC6Y,FLOWER FLOWER,21,32320,j-pop
800,"c(""j-reggae"", ""okinawan pop"")",3jNze9OEa5Yq8VILTFbaCD,U-DOU & PLATY,17,3175,j-pop
801,japanese bedroom pop,1T4OKi8vYcs2gNv98KglRq,MIZ,23,12354,j-pop
802,japanese alternative pop,3CyPpYzll6TJcJ0RTnHHVa,Amane Uyama,18,4574,j-pop
803,"c(""city pop"", ""japanese indie pop"")",1F3AxNIIccfck4Om138WFM,Special Favorite Music,21,19723,j-pop
804,"c(""japanese melodic punk"", ""japanese pop punk"")",4lXsnr1wwEE51UvWLMJuTM,DRADNATS,18,3940,j-pop
805,"c(""idol rock"", ""j-pop girl group"")",75tFVzJkjQFglSQCCIZgQD,Yume Miru Adolescence,19,10702,j-pop
806,japanese pop rap,3krxQ7NwEXM0Ba8Dzsln2g,RY0N4,17,845,j-pop
807,japanese alternative pop,4YHFvbGOXo06pcFXOQszkB,xiangyu,18,6286,j-pop
808,"c(""j-poprock"", ""japanese singer-songwriter"")",5nTM618Y9OIjwVwOKOATvC,Mai Hoshimura,23,4944,j-pop
809,j-poprock,6nteBNcTu3uxmOYz2Iro7o,KELUN,27,2810,j-pop
810,"c(""japanese dream pop"", ""japanese shoegaze"")",7qEdobpYOByvjiT4ux4vEq,Luby Sparks,22,11530,j-pop
811,japanese teen pop,2Xfgc4hk7CsDARt6ydmnPw,ひらめ,17,14012,j-pop
812,"c(""japanese chill rap"", ""japanese pop rap"")",7ijz6PFdK9juJmaKs75KHa,ZIW,17,3262,j-pop
813,japanese teen pop,1sv5H7vUHgpozdrgkL1n4k,平手友梨奈,18,34785,j-pop
814,japanese viral pop,4b4qeIuFWVHsjMCp3tNy4a,respon,17,3950,j-pop
815,"c(""j-pop boy group"", ""k-pop reality show"")",08W95PavXzyJenqF5bp386,PRODUCE 101 JAPAN,18,37797,j-pop
816,japanese pop rap,4T63lOMLtjFzLCHEhSi6d4,ZER0,17,2636,j-pop
817,j-poprock,5wYga8lT3TNapDC8ciqarN,Daisy×Daisy,31,8954,j-pop
818,"c(""chicago rap"", ""contemporary r&b"", ""dirty south  [...]",2I1bnmb9VQEQGKHxvr0gSf,Da Brat,50,527343,j-pop
819,"c(""j-pop boy group"", ""men chika"")",5b0vNm8SlsmAMchGD7akjQ,CUBERS,17,4548,j-pop
820,j-pop boy group,6CaiCjxA5ZVcsfF0ApJsG8,HONEST BOYZ(R),18,35881,j-pop
821,japanese alternative pop,3kabIShRaQYKg8afAZ1kIc,ermhoi,22,8115,j-pop
822,"c(""japanese melodic punk"", ""japanese pop punk"", ""j [...]",6DkswbIQ8sHITQC6KqBFMP,HOTSQUALL,17,7586,j-pop
823,"c(""contemporary vocal jazz"", ""jazz pop"")",32l2cWGDfGIqFPxUAogD5l,Lauren Henderson,35,8317,j-pop
824,j-poprock,4yHLkC0Z5EYVyinSP2AHvV,Scenarioart,27,15530,j-pop
825,japanese viral pop,2S6hQc9FzHKPAS9iLYfVVk,ふじを,16,3684,j-pop
826,"c(""alt-idol"", ""idol rock"", ""j-pop girl group"")",2dEKl1tM3JMwggawEuVISO,sora tob sakana,24,23097,j-pop
827,classic j-pop,4Ozr0TBXSYzgGSF6cI1ks7,Rie Tomosaka,18,6998,j-pop
828,"c(""contemporary r&b"", ""hip pop"", ""new jack swing"", [...]",1urjDGTd4iBze91Z1W1gu7,Total,53,485039,j-pop
829,j-pop girl group,1RFi2Nn5fsdUsVcH6V0xC1,純情のアフィリア,21,3623,j-pop
830,"c(""alt-idol"", ""j-idol"", ""j-pop girl group"")",4BSpF4yQWrGiYdxNsLRdX1,RYUTist,17,9219,j-pop
831,"c(""contemporary r&b"", ""girl group"", ""hip pop"", ""ne [...]",5fikk4h5qbEebqK2Fc6e48,En Vogue,54,1312805,j-pop
832,"c(""exotica"", ""jazz organ"", ""space age pop"")",1FKfMww5N8dkbyo2sp9nBA,Walter Wanderley,43,25432,j-pop
833,"c(""city pop"", ""japanese r&b"")",57KdMq2pCCdMjConSyzDsN,Monthly Mu & New Caledonia,18,3520,j-pop
834,"c(""indie pop"", ""modern indie folk"", ""new jersey in [...]",54tv11ndFfiqXiR03PwdlB,Adam Melchor,51,100047,j-pop
835,j-poprock,1aelbjRiScFc639v34vNsv,Hemenway,25,5184,j-pop
836,j-pop boy group,1zhDogQb9KbzbTjlna6Btm,J Soul Brothers Ⅱ,16,6216,j-pop
837,japanese dance pop,7jwE5FqGmCoX2l5HYaLfkP,SASUKE,18,12947,j-pop
838,j-pop girl group,4P9prnmHICNiybOBBSAebK,fudanjuku,20,6045,j-pop
839,j-pop boy group,0faY25DojHZtXLVwbOwSEY,SHARE LOCK HOMES,16,3128,j-pop
840,"c(""classic j-pop"", ""idol kayo"")",4tc2Vg3R8pVtea8WeUFIOm,Eriko Tamura,17,3352,j-pop
841,"c(""classic city pop"", ""japanese jazz"")",7A5C2jFwT0lxjAYMsHDh3r,NANIWA EXPRESS,23,7273,j-pop
842,japanese pop punk,1t3RYrq8bMooxAhnuBVMds,POT,16,2474,j-pop
843,japanese viral pop,5s6CoOTptCFQ0PVhOlSit8,りん,16,2312,j-pop
844,japanese teen pop,6tQv9pBC2QYU5InvkNoN0k,久保あおい,23,18908,j-pop
845,"c(""japanese alternative pop"", ""japanese r&b"")",6ELS2XYR8tvJdQyEx8s3ZT,PAELLAS,23,20706,j-pop
846,j-poprock,7fbci1uWFfz9Mp8ogoeyFr,SPLAY,24,3741,j-pop
847,"c(""japanese pop punk"", ""japanese punk rock"")",7sXuNhQNs04fBoANVpwUq0,SABOTEN,23,4811,j-pop
848,japanese dance pop,15pdOimDDCGWWkTH7N84n3,TANAKA ALICE,16,2702,j-pop
849,japanese pop punk,4ll5mBYeHlhg0R2fjwspPv,See You Smile,17,6461,j-pop
850,"c(""city pop"", ""j-indie"", ""japanese r&b"")",7jvxDV4oZ1b35r57pmcXK6,PEARL CENTER,21,7573,j-pop
851,"c(""j-division"", ""j-pop girl group"", ""shojo"")",4TDhVf1rQgL1I5lSWwAscc,Prizmmy☆,19,7641,j-pop
852,"c(""48g"", ""j-pop girl group"")",5gauvPoxEs5GOAcs0tdW6K,渡り廊下走り隊7,18,4536,j-pop
853,japanese dance pop,4sllRDaXOp0xJqpqk78MI5,Leyona,16,4070,j-pop
854,j-pop boy group,2vt1pSDdswpATBUN6lPMre,IVVY,16,8050,j-pop
855,japanese dance pop,7rzKhtENXniixwYOj6KrTC,CYBERJAPAN DANCERS,16,2819,j-pop
856,japanese dance pop,1DebppLKfcMcFh8abYI24e,MABU,16,3552,j-pop
857,"c(""city pop"", ""japanese r&b"")",0TkhuOSDpZ6NhRiPkmQ77M,luvis,18,4099,j-pop
858,japanese alternative pop,0MfHOOVaHSNHSiNtOBOkkA,EDOGA-SULLIVAN,29,8283,j-pop
859,"c(""anime rock"", ""japanese pop punk"", ""japanese pos [...]",4l96NtYOUSEKXTUxsyKxtt,SWANKY DANK,26,13510,j-pop
860,"c(""contemporary vocal jazz"", ""jazz pop"", ""vocal ja [...]",0OhbmRARz9nrChla8W2OGU,Molly Johnson,40,43306,j-pop
861,"c(""japanese dream pop"", ""japanese post-rock"", ""jap [...]",4s1vZEFHO3fbQiwxbKgFjm,Plastic Girl In Closet,29,19030,j-pop
862,"c(""classic city pop"", ""japanese folk"")",4EsSNrxF7kdKRsq5bH0esd,Keiko Maruyama,16,3274,j-pop
863,"c(""idol rock"", ""j-idol"", ""j-pop girl group"")",6ZkreMw9VEGOdBw6NEuG92,Sakuragakuin,23,15797,j-pop
864,"c(""j-poprock"", ""japanese pop punk"")",2UuqBfUO2fG9JUvMitpXKT,ALL OFF,29,15425,j-pop
865,"c(""classic city pop"", ""j-pop girl group"")",007Tv1vLpvMB8AWAiyYg5M,Ushirogami Hikaretai,15,7485,j-pop
866,j-pop boy group,3Mxcmog17X6qFQVyurXFcl,J Soul Brothers,15,16885,j-pop
867,japanese teen pop,0Ex504fJxkhPrA0Ywu344r,ソノサキトマリ,15,5305,j-pop
868,"c(""album rock"", ""candy pop"", ""classic rock"", ""girl [...]",2mG8HHQ9S9kcbjcrb5N1FE,The Go-Go's,52,711648,j-pop
869,"c(""j-idol"", ""j-pop girl group"")",4MMquRKVnKJLWy1FW5vVKO,Idoling!!!,29,7653,j-pop
870,"c(""idol rock"", ""j-pop girl group"")",6BHbR0Nd5D3BT1oucUy9xn,Team Syachihoko,16,12324,j-pop
871,japanese pop rap,05pl4Era2i534VEsjqtkoa,Haruki,15,1250,j-pop
872,"c(""j-pop boy group"", ""men chika"")",74lH93BskVi83fbRrYMmh0,Black Iris,15,1843,j-pop
873,"c(""japanese alternative rock"", ""japanese dream pop [...]",6d3nubbHrZF64o8YL4Z9NF,Polaris,25,12015,j-pop
874,japanese dance pop,69cEcL61s7pchN3P8OAxC9,King Rabbits,15,1422,j-pop
875,j-pop girl group,5jz1apdoBTzReiQXJWyCXG,ザ・コインロッカーズ,15,3985,j-pop
876,japanese viral pop,09fbhgST57s0uMXRgrcrkn,Ririca,14,129,j-pop
877,classic j-pop,5JOAZKg6DBbDulvpP9Otg8,Cousin,14,1089,j-pop
878,j-pop girl group,05I84aat6qTGKBQM9P4Ynz,LinQ,15,2220,j-pop
879,japanese pop rap,5CyNevqVuHMxA496saB69e,$lugger,14,502,j-pop
880,"c(""j-punk"", ""okinawan pop"")",2iREgptZk369gbQ96OQYSe,Soul Flower Union,14,11785,j-pop
881,jazz pop,1uFhayw4wNDAA8kTsl5ACl,Daniela Soledade,32,2365,j-pop
882,j-pop boy group,7ccOn9dXuj9TGDZJSLZYP2,SOLIDEMO,24,10779,j-pop
883,"c(""japanese pop punk"", ""japanese punk rock"")",5YrGfYzRpGFloZHiS0366z,AIRFLIP,16,7608,j-pop
884,japanese dream pop,6BxYGUdJ37urJYcjspBUyw,macaroom,26,9134,j-pop
885,j-poprock,23OQe0T0ugZZBMT33jHx03,TOMATO CUBE,13,345,j-pop
886,"c(""funk"", ""new jack swing"", ""p funk"", ""popping"", "" [...]",396Kh0m4wGUvcMUULw71yi,Zapp,51,533315,j-pop
887,japanese indie pop,4V7c0eZEtXXBFJLY6WpSmT,jan and naomi,24,14339,j-pop
888,"c(""japanese bedroom pop"", ""japanese r&b"")",3Gij27vfnbyoFhJ78ZFco5,E.scene,16,6212,j-pop
889,japanese dance pop,1GenbzILS9998RfKACpyQ3,CTS,17,5297,j-pop
890,japanese dance pop,2q4DyDrrCWAlIk8foYvVWC,ShuuKaRen,14,51070,j-pop
891,j-pop boy group,5h0EnezM11vvxMuGuGd7wJ,World Order,26,38198,j-pop
892,j-poprock,2cdpDI8PxojKjr0BQ8TBHe,Tokyo Karankoron,15,12397,j-pop
893,"c(""idol rock"", ""j-pop girl group"")",0UDiy9fLk3rtgfh5lDqRqu,Ayumikurikamaki,21,5126,j-pop
894,japanese alternative pop,0crqBMILaHvFaCvagAiwZr,warbear,16,6333,j-pop
895,"c(""anime"", ""j-pop girl group"")",4TDCAJNvmS5SLwHtJqqBtS,Luce Twinkle Wink☆,19,4615,j-pop
896,japanese bedroom pop,7HyY7hachlO53AjpM7CTOv,NUUAMM,18,3651,j-pop
897,"c(""j-idol"", ""j-pop girl group"")",1fvlOiGxng645gbwwuu2ST,Space Girls Planet,13,735,j-pop
898,"c(""j-punk"", ""japanese garage rock"", ""japanese girl [...]",4ukJlDdlvuQOHZdD2NVsFD,Shonen Knife,27,41106,j-pop
899,"c(""j-poprock"", ""japanese singer-songwriter"")",4nEJOLgBBjsWUWBMgs3IZG,Shion Tsuji,23,5949,j-pop
900,classic j-pop,3LYoUr0rRFurqwRzFvnk2p,Izumi Tachibana,13,3089,j-pop
901,"c(""classic city pop"", ""classic japanese jazz"", ""id [...]",3wiCwqhbzyXzW8GI7WfZSM,Kei Ishiguro,27,3193,j-pop
902,japanese viral pop,2S9ZxEIZRhxMc04Fbjr0Uv,那須川 天心,13,1820,j-pop
903,j-pop boy group,4ABj8gFCvdE2EmI0NpSIL4,VOYZ BOY,14,2298,j-pop
904,japanese bedroom pop,2pzj7s9O5Asz8ZGed2WEsY,尾崎リノ,13,5435,j-pop
905,j-pop girl group,75qHhUYDpNvPMCcrpLdfKR,mirage2,14,6642,j-pop
906,"c(""city pop"", ""japanese indie pop"")",2h0iLKaNExZIpQsp4jpf8x,Asagaya Romantics,25,9851,j-pop
907,japanese alternative pop,0QNKgy5KDLh5Jvot1TNr52,Shohei Takagi Parallela Botanica,18,7440,j-pop
908,"c(""japanese dance pop"", ""japanese electropop"", ""ja [...]",1z48rMKnmB9lBHx895J0jY,YOSA & TAAR,14,3607,j-pop
909,classic j-pop,00HuMdTHmKRpmcLE6dyyCb,Folder,14,3947,j-pop
910,japanese dance pop,5iJXEHtvKwbsKZBNOCOE63,ANIMAL HACK,16,3184,j-pop
911,japanese alternative pop,4cCmlLDD6JcIEM4RaDIxaZ,sheidA,16,1201,j-pop
912,j-pop girl group,5oQwGdUOKuLMJyo4fEPcXz,Dancing Dolls,22,1470,j-pop
913,japanese dance pop,3oxSOwzkl2f4KCEv5Qv3jf,RUANN,20,12608,j-pop
914,"c(""anime"", ""j-pop girl group"", ""seiyu"")",6nH1MaNtYwXEuwdOZ1R75p,Earphones,20,11556,j-pop
915,japanese pop rap,2ZEpXsofiBwEhDv21FAqEe,tip jam,13,533,j-pop
916,japanese teen pop,2RyFl8CsXJDOd4hnh3RRE9,Ritsuki Akiyama,14,3711,j-pop
917,"c(""anime"", ""j-pop girl group"")",10kHy02xriAQZgVKfYSTz1,Moso Calibration,18,11514,j-pop
918,japanese dance pop,3JKU6cvr3SESsNviVlNCZc,BananaLemon,18,21628,j-pop
919,"c(""japanese bedroom pop"", ""kansai indie"")",16TsqZdOE4NBhgUe0d3up7,KENT VALLEY,18,2137,j-pop
920,"c(""classic city pop"", ""japanese new wave"", ""techno [...]",33itzdcS4y00FCGR23sleH,Mioko Yamaguchi,31,5702,j-pop
921,"c(""idol rock"", ""j-pop boy group"")",6UNEONDXoi7dQe8ulQFvXP,UNIONE,18,6863,j-pop
922,"c(""japanese bedroom pop"", ""japanese r&b"")",7KSV9OZfpTakHP1o9uPFG6,象眠舎,14,2631,j-pop
923,"c(""j-pop girl group"", ""japanese electropop"")",2Mi7J9LAIe6xEzObKt6JHq,FEMM,28,34186,j-pop
924,"c(""japanese drill"", ""japanese pop rap"")",3Qbo3qnUOBFc3ZJWmkEwJc,Michrome,12,2276,j-pop
925,"c(""japanese alternative rock"", ""japanese bedroom p [...]",6sXjklgdrq2fcMVZ9gh6do,Easycome,15,4535,j-pop
926,j-pop girl group,50LJWpfb50Or2UZo6PgAcx,NANALAND,17,2778,j-pop
927,"c(""city pop"", ""j-poprock"")",6yQjTB9j1pon4k8x8Qppik,Sunrise In My Attache Case,14,4476,j-pop
928,japanese pop rap,0bRgVidgl53hrszh39KmUF,masa,13,2625,j-pop
929,j-pop boy group,6rsTkvv0r1MFgDKiiet77k,PRIZMAX,14,14079,j-pop
930,japanese alternative pop,6ljA8ttKB0d9eBUySPaSOZ,CANDYGIRL,19,3102,j-pop
931,japanese alternative pop,5E1E14jPqjgoqcE8wxiqxN,アイラヴミー,18,7901,j-pop
932,"c(""j-idol"", ""j-pop girl group"")",5WDBccAjrNXefFQgCNtDcf,PASSPO☆,14,12614,j-pop
933,classic j-pop,0b4NaVu4HHtkMPNPJPMWGz,佐藤朱美,22,614,j-pop
934,j-pop girl group,2aYc40kazbAlXaVRn61xE5,Idolrenaissance,14,7743,j-pop
935,"c(""alt-idol"", ""j-pop girl group"")",6tx7OHRaBR7wwQx5ybGV5T,NANKINI!,13,2961,j-pop
936,j-pop boy group,6iCVcgkf5Jv4rlcSAswaz6,BMK,13,989,j-pop
937,japanese indie pop,2AicULoqmRphOS6ZWJWfP4,Kindan no Tasuketsu,14,5575,j-pop
938,"c(""48g"", ""j-idol"", ""j-pop girl group"")",3MgZdA8OJAMKoKrlxdw0wc,Watariroukahashiritai,22,8644,j-pop
939,j-pop girl group,5rSWrSV4TLFg53cti8AyrI,KAMEN RIDER GIRLS,19,4486,j-pop
940,j-pop girl group,2rTyC8giRs8nw4NPcoZA75,Kiyoshi Ryujin 25,12,6898,j-pop
941,japanese dance pop,56L69pTRrbMIVQoO9wbaS9,RED DIAMOND DOGS,12,22368,j-pop
942,j-pop girl group,75P5zGNnt9MZDRvG7UmcjO,Happy Clover,14,2217,j-pop
943,japanese pop rap,0XnyQDiE6fvwEIKREJrizu,jaff,12,912,j-pop
944,japanese dream pop,22596Y1hah6u7PlGUiJ7BZ,AprilBlue,17,4752,j-pop
945,classic j-pop,7wdWFcZE7UepLMw3sQV33S,Hekiru Shiina,12,3266,j-pop
946,j-pop boy group,5Pfi9Ji3hoWZRuY69MZP8N,WITHDOM,12,1299,j-pop
947,"c(""idol rock"", ""j-pop girl group"")",0XctFGiNhyACfLu3eZBpNq,Babyraids Japan,12,6807,j-pop
948,japanese viral pop,0sGCkyb5YJyxNdfkW7t4mw,七草くりむ,11,785,j-pop
949,"c(""bow pop"", ""japanese classical performance"", ""vi [...]",2xPfYsn4P2vH7eI6ADyFB7,Midori,24,12714,j-pop
950,j-pop boy group,4JxikcSpblYBnqe1xlxrYX,EBiSSH,11,6647,j-pop
951,j-pop girl group,1tIFdPigPQapjr9pOEDP7d,きゅるりんってしてみて,12,2171,j-pop
952,"c(""j-pop girl group"", ""japanese dance pop"", ""japan [...]",6XkazkLIatYdxRlOdOp5Et,kolme,15,11496,j-pop
953,classic j-pop,27trVEYHShFRolUZEP29KC,Tomoe Shinohara,16,3234,j-pop
954,j-pop boy group,4Z3STstQUjERWoueKHaTmB,ROOT FIVE,12,3196,j-pop
955,j-pop boy group,2N66I5zVkpNSzWgN1h1nNr,King of Ping Pong,12,5878,j-pop
956,japanese indie pop,3AK0hIWF7h4DGrdUvFtKbf,Pepe California,16,3838,j-pop
957,japanese pop rap,7k9AHgT5AeHrAZLQAcQhOI,MOON CHILD,11,297,j-pop
958,j-pop girl group,3FtYXhtLqaJfFkU1go2N7h,CROWN POP,11,4076,j-pop
959,"c(""city pop"", ""japanese soul"")",4fQ023lP2bX27W1YYw9DIc,K E I_H A Y A S H I,13,5029,j-pop
960,japanese alternative pop,6EZO3QfDzV0BREKPesx6Io,Penguinrush,12,4921,j-pop
961,jazz pop,4B4UjhXvu9OoY3D1Tq3m05,TICO DE MORAES,28,2640,j-pop
962,j-poprock,7cKXMcTTflzZUwOZs9YDsD,COOL JOKE,23,5171,j-pop
963,j-pop girl group,0yyBGhaKqnhLOULzS9NXaY,みぎてやじるし ひだりてはーと,11,11259,j-pop